ma,khung,tu,den,ngay,model,chat_luong_lich_su_pct,von,che_do,buoc,tp,tran_tang,lot,kieu_lot,he_so_lot,he_so_buoc,tia_lenh,bien_cap,cho_lui,chot_tien,don_bay,tester_lai_nam_pct,tester_dd_pct,tester_pf,tester_so_lenh,tester_swap_tien,engine_lai_nam_pct,engine_dd_pct,engine_so_lenh,engine_swap_tien,engine_swap_nam_pct,engine_hon_tester,ty_le_engine_tren_tester,lech_lai_pp,lech_dd_pp,lech_lenh_pct,ket_luan,tham_so_json
AUDCAD,H1,2019.03.01,2019.08.31,184,0,100.0,10000.0,hai_chieu,45,13,7,0.02,nhan,0.4,1.0,True,4,0.0,0.0,100.0,-2.33,2.06,0.72,162,0.0,-0.671,0.619,129,-37.68,-0.747,1,,1.659,-1.441,-20.37,LECH,"{""bien_cap"": 4, ""buoc"": 45, ""buoc_tran"": 400.0, ""cap_moi_bar"": 999, ""che_do"": ""hai_chieu"", ""cho_lui"": 0.0, ""chot_tien"": 0.0, ""don_bay"": 100.0, ""dung_lo_tong"": 0.0, ""he_so_buoc"": 1.0, ""he_so_lot"": 0.4, ""kieu_lot"": ""nhan"", ""lot"": 0.02, ""muc_stopout"": 0.5, ""tia_lenh"": true, ""tp"": 13, ""tran_tang"": 7}"
AUDCAD,H1,2019.03.01,2019.08.31,184,0,100.0,10000.0,ban,20,13,8,0.08,nhan,0.5,1.0,True,4,0.0,0.0,100.0,9.353,3.68,3.69,143,0.0,8.474,3.922,136,-200.6,-3.979,0,0.906,-0.879,0.242,-4.9,KHOP,"{""bien_cap"": 4, ""buoc"": 20, ""buoc_tran"": 400.0, ""cap_moi_bar"": 999, ""che_do"": ""ban"", ""cho_lui"": 0.0, ""chot_tien"": 0.0, ""don_bay"": 100.0, ""dung_lo_tong"": 0.0, ""he_so_buoc"": 1.0, ""he_so_lot"": 0.5, ""kieu_lot"": ""nhan"", ""lot"": 0.08, ""muc_stopout"": 0.5, ""tia_lenh"": true, ""tp"": 13, ""tran_tang"": 8}"
AUDCAD,H1,2019.03.01,2019.08.31,184,0,100.0,10000.0,mua,20,34,6,0.02,nhan,0.4,1.0,False,5,0.0,0.0,100.0,-3.668,3.54,0.42,46,0.0,-1.735,1.761,35,3.0,0.06,1,,1.933,-1.779,-23.91,LECH,"{""bien_cap"": 5, ""buoc"": 20, ""buoc_tran"": 400.0, ""cap_moi_bar"": 999, ""che_do"": ""mua"", ""cho_lui"": 0.0, ""chot_tien"": 0.0, ""don_bay"": 100.0, ""dung_lo_tong"": 0.0, ""he_so_buoc"": 1.0, ""he_so_lot"": 0.4, ""kieu_lot"": ""nhan"", ""lot"": 0.02, ""muc_stopout"": 0.5, ""tia_lenh"": false, ""tp"": 34, ""tran_tang"": 6}"
AUDCAD,H1,2019.03.01,2019.08.31,184,0,100.0,10000.0,hai_chieu,12,45,6,0.04,nhan,0.25,1.0,False,6,0.0,0.0,100.0,-0.147,0.55,0.98,84,0.0,-1.437,0.904,73,-66.73,-1.324,0,,-1.29,0.354,-13.1,LECH,"{""bien_cap"": 6, ""buoc"": 12, ""buoc_tran"": 400.0, ""cap_moi_bar"": 999, ""che_do"": ""hai_chieu"", ""cho_lui"": 0.0, ""chot_tien"": 0.0, ""don_bay"": 100.0, ""dung_lo_tong"": 0.0, ""he_so_buoc"": 1.0, ""he_so_lot"": 0.25, ""kieu_lot"": ""nhan"", ""lot"": 0.04, ""muc_stopout"": 0.5, ""tia_lenh"": false, ""tp"": 45, ""tran_tang"": 6}"
AUDCAD,H1,2019.03.01,2019.08.31,184,0,100.0,10000.0,mua,60,8,5,0.5,nhan,0.25,1.0,False,6,0.0,0.0,100.0,-43.393,32.56,0.34,50,0.0,-39.948,31.43,52,58.46,1.16,1,,3.445,-1.13,4.0,KHOP,"{""bien_cap"": 6, ""buoc"": 60, ""buoc_tran"": 400.0, ""cap_moi_bar"": 999, ""che_do"": ""mua"", ""cho_lui"": 0.0, ""chot_tien"": 0.0, ""don_bay"": 100.0, ""dung_lo_tong"": 0.0, ""he_so_buoc"": 1.0, ""he_so_lot"": 0.25, ""kieu_lot"": ""nhan"", ""lot"": 0.5, ""muc_stopout"": 0.5, ""tia_lenh"": false, ""tp"": 8, ""tran_tang"": 5}"
AUDCAD,H1,2019.03.01,2019.08.31,184,0,100.0,10000.0,hai_chieu,20,20,6,0.5,nhan,0.15,1.0,True,3,0.0,0.0,100.0,-10.819,7.44,0.84,137,0.0,11.619,4.49,181,-735.98,-14.6,1,,22.438,-2.95,32.12,LECH,"{""bien_cap"": 3, ""buoc"": 20, ""buoc_tran"": 400.0, ""cap_moi_bar"": 999, ""che_do"": ""hai_chieu"", ""cho_lui"": 0.0, ""chot_tien"": 0.0, ""don_bay"": 100.0, ""dung_lo_tong"": 0.0, ""he_so_buoc"": 1.0, ""he_so_lot"": 0.15, ""kieu_lot"": ""nhan"", ""lot"": 0.5, ""muc_stopout"": 0.5, ""tia_lenh"": true, ""tp"": 20, ""tran_tang"": 6}"
AUDCAD,H1,2019.03.01,2019.08.31,184,0,100.0,10000.0,hai_chieu,80,10,6,0.5,nhan,0.25,1.0,False,3,0.0,0.0,100.0,-9.503,6.55,0.87,111,0.0,-24.547,15.814,106,-775.36,-15.381,0,,-15.044,9.264,-4.5,LECH,"{""bien_cap"": 3, ""buoc"": 80, ""buoc_tran"": 400.0, ""cap_moi_bar"": 999, ""che_do"": ""hai_chieu"", ""cho_lui"": 0.0, ""chot_tien"": 0.0, ""don_bay"": 100.0, ""dung_lo_tong"": 0.0, ""he_so_buoc"": 1.0, ""he_so_lot"": 0.25, ""kieu_lot"": ""nhan"", ""lot"": 0.5, ""muc_stopout"": 0.5, ""tia_lenh"": false, ""tp"": 10, ""tran_tang"": 6}"
AUDCAD,H1,2019.03.01,2019.08.31,184,0,100.0,10000.0,ban,20,45,6,0.15,nhan,0.25,1.0,True,4,0.0,0.0,100.0,10.937,4.75,6.81,73,0.0,8.869,4.728,69,-259.43,-5.146,0,0.811,-2.068,-0.022,-5.48,LECH,"{""bien_cap"": 4, ""buoc"": 20, ""buoc_tran"": 400.0, ""cap_moi_bar"": 999, ""che_do"": ""ban"", ""cho_lui"": 0.0, ""chot_tien"": 0.0, ""don_bay"": 100.0, ""dung_lo_tong"": 0.0, ""he_so_buoc"": 1.0, ""he_so_lot"": 0.25, ""kieu_lot"": ""nhan"", ""lot"": 0.15, ""muc_stopout"": 0.5, ""tia_lenh"": true, ""tp"": 45, ""tran_tang"": 6}"
AUDCAD,M15,2018.01.03,2018.06.30,179,0,1.0,10000.0,hai_chieu,35,6,9,0.04,nhan,0.4,1.5,False,5,0.0,0.0,100.0,0.619,1.26,1.06,196,0.0,-2.156,1.754,171,-77.99,-1.59,0,-3.485,-2.775,0.494,-12.76,LECH,"{""bien_cap"": 5, ""buoc"": 35, ""buoc_tran"": 400.0, ""cap_moi_bar"": 999, ""che_do"": ""hai_chieu"", ""cho_lui"": 0.0, ""chot_tien"": 0.0, ""don_bay"": 100.0, ""dung_lo_tong"": 0.0, ""he_so_buoc"": 1.5, ""he_so_lot"": 0.4, ""kieu_lot"": ""nhan"", ""lot"": 0.04, ""muc_stopout"": 0.5, ""tia_lenh"": false, ""tp"": 6, ""tran_tang"": 9}"
AUDCAD,M15,2018.07.01,2018.12.31,184,0,51.0,10000.0,hai_chieu,21,9,9,0.04,cong,0.25,1.0,True,5,0.0,0.0,100.0,24.839,17.69,1.34,934,0.0,40.887,17.156,1197,-518.48,-10.285,1,1.646,16.048,-0.534,28.16,LECH,"{""bien_cap"": 5, ""buoc"": 21, ""buoc_tran"": 400.0, ""cap_moi_bar"": 999, ""che_do"": ""hai_chieu"", ""cho_lui"": 0.0, ""chot_tien"": 0.0, ""don_bay"": 100.0, ""dung_lo_tong"": 0.0, ""he_so_buoc"": 1.0, ""he_so_lot"": 0.25, ""kieu_lot"": ""cong"", ""lot"": 0.04, ""muc_stopout"": 0.5, ""tia_lenh"": true, ""tp"": 9, ""tran_tang"": 9}"
AUDCAD,M15,2018.07.01,2018.12.31,184,0,51.0,10000.0,hai_chieu,12,12,9,0.08,phang,0.25,1.5,True,5,0.0,0.0,100.0,18.842,6.04,1.48,356,0.0,12.204,9.507,471,-447.52,-8.878,0,0.648,-6.638,3.467,32.3,LECH,"{""bien_cap"": 5, ""buoc"": 12, ""buoc_tran"": 400.0, ""cap_moi_bar"": 999, ""che_do"": ""hai_chieu"", ""cho_lui"": 0.0, ""chot_tien"": 0.0, ""don_bay"": 100.0, ""dung_lo_tong"": 0.0, ""he_so_buoc"": 1.5, ""he_so_lot"": 0.25, ""kieu_lot"": ""phang"", ""lot"": 0.08, ""muc_stopout"": 0.5, ""tia_lenh"": true, ""tp"": 12, ""tran_tang"": 9}"
AUDCAD,M15,2018.07.01,2018.12.31,184,0,51.0,10000.0,hai_chieu,21,12,5,0.08,phang,0.25,1.2,True,5,0.0,0.0,100.0,1.001,10.0,1.02,271,0.0,16.092,7.593,430,-347.81,-6.9,1,16.078,15.091,-2.407,58.67,LECH,"{""bien_cap"": 5, ""buoc"": 21, ""buoc_tran"": 400.0, ""cap_moi_bar"": 999, ""che_do"": ""hai_chieu"", ""cho_lui"": 0.0, ""chot_tien"": 0.0, ""don_bay"": 100.0, ""dung_lo_tong"": 0.0, ""he_so_buoc"": 1.2, ""he_so_lot"": 0.25, ""kieu_lot"": ""phang"", ""lot"": 0.08, ""muc_stopout"": 0.5, ""tia_lenh"": true, ""tp"": 12, ""tran_tang"": 5}"
AUDCAD,M15,2018.07.01,2018.12.31,184,0,51.0,10000.0,hai_chieu,21,9,5,0.04,nhan,0.25,1.2,True,5,0.0,0.0,100.0,0.491,1.12,1.06,186,0.0,-0.021,0.686,181,-67.33,-1.336,0,-0.043,-0.512,-0.434,-2.69,KHOP,"{""bien_cap"": 5, ""buoc"": 21, ""buoc_tran"": 400.0, ""cap_moi_bar"": 999, ""che_do"": ""hai_chieu"", ""cho_lui"": 0.0, ""chot_tien"": 0.0, ""don_bay"": 100.0, ""dung_lo_tong"": 0.0, ""he_so_buoc"": 1.2, ""he_so_lot"": 0.25, ""kieu_lot"": ""nhan"", ""lot"": 0.04, ""muc_stopout"": 0.5, ""tia_lenh"": true, ""tp"": 9, ""tran_tang"": 5}"
AUDCAD,M15,2018.07.01,2018.12.31,184,0,51.0,10000.0,hai_chieu,21,9,9,0.04,phang,0.25,1.2,False,5,0.0,0.0,100.0,6.201,9.86,1.23,385,0.0,1.686,9.209,481,-247.87,-4.917,0,0.272,-4.515,-0.651,24.94,LECH,"{""bien_cap"": 5, ""buoc"": 21, ""buoc_tran"": 400.0, ""cap_moi_bar"": 999, ""che_do"": ""hai_chieu"", ""cho_lui"": 0.0, ""chot_tien"": 0.0, ""don_bay"": 100.0, ""dung_lo_tong"": 0.0, ""he_so_buoc"": 1.2, ""he_so_lot"": 0.25, ""kieu_lot"": ""phang"", ""lot"": 0.04, ""muc_stopout"": 0.5, ""tia_lenh"": false, ""tp"": 9, ""tran_tang"": 9}"
AUDCAD,M15,2018.07.01,2018.12.31,184,0,51.0,10000.0,hai_chieu,28,12,7,0.04,nhan,0.15,1.2,True,5,0.0,0.0,100.0,0.3,1.63,1.03,155,0.0,0.154,0.453,140,-59.82,-1.187,0,0.513,-0.146,-1.177,-9.68,KHOP,"{""bien_cap"": 5, ""buoc"": 28, ""buoc_tran"": 400.0, ""cap_moi_bar"": 999, ""che_do"": ""hai_chieu"", ""cho_lui"": 0.0, ""chot_tien"": 0.0, ""don_bay"": 100.0, ""dung_lo_tong"": 0.0, ""he_so_buoc"": 1.2, ""he_so_lot"": 0.15, ""kieu_lot"": ""nhan"", ""lot"": 0.04, ""muc_stopout"": 0.5, ""tia_lenh"": true, ""tp"": 12, ""tran_tang"": 7}"
AUDCAD,M15,2018.07.01,2018.12.31,184,0,51.0,10000.0,hai_chieu,21,9,9,0.04,cong,0.25,1.2,True,5,0.0,0.0,100.0,12.798,15.2,1.24,649,0.0,18.375,13.969,859,-433.83,-8.606,1,1.436,5.577,-1.231,32.36,LECH,"{""bien_cap"": 5, ""buoc"": 21, ""buoc_tran"": 400.0, ""cap_moi_bar"": 999, ""che_do"": ""hai_chieu"", ""cho_lui"": 0.0, ""chot_tien"": 0.0, ""don_bay"": 100.0, ""dung_lo_tong"": 0.0, ""he_so_buoc"": 1.2, ""he_so_lot"": 0.25, ""kieu_lot"": ""cong"", ""lot"": 0.04, ""muc_stopout"": 0.5, ""tia_lenh"": true, ""tp"": 9, ""tran_tang"": 9}"
AUDCAD,M15,2018.07.01,2018.12.31,184,0,51.0,10000.0,hai_chieu,16,18,7,0.04,phang,0.4,1.2,True,5,0.0,0.0,100.0,11.202,5.81,1.43,405,0.0,17.522,4.477,494,-218.15,-4.328,1,1.564,6.32,-1.333,21.98,LECH,"{""bien_cap"": 5, ""buoc"": 16, ""buoc_tran"": 400.0, ""cap_moi_bar"": 999, ""che_do"": ""hai_chieu"", ""cho_lui"": 0.0, ""chot_tien"": 0.0, ""don_bay"": 100.0, ""dung_lo_tong"": 0.0, ""he_so_buoc"": 1.2, ""he_so_lot"": 0.4, ""kieu_lot"": ""phang"", ""lot"": 0.04, ""muc_stopout"": 0.5, ""tia_lenh"": true, ""tp"": 18, ""tran_tang"": 7}"
AUDCAD,M15,2018.07.01,2018.12.31,184,0,51.0,10000.0,hai_chieu,12,9,5,0.08,nhan,0.4,1.2,False,5,0.0,0.0,100.0,-0.423,0.9,0.97,178,0.0,-5.785,3.382,180,-166.14,-3.296,0,,-5.362,2.482,1.12,LECH,"{""bien_cap"": 5, ""buoc"": 12, ""buoc_tran"": 400.0, ""cap_moi_bar"": 999, ""che_do"": ""hai_chieu"", ""cho_lui"": 0.0, ""chot_tien"": 0.0, ""don_bay"": 100.0, ""dung_lo_tong"": 0.0, ""he_so_buoc"": 1.2, ""he_so_lot"": 0.4, ""kieu_lot"": ""nhan"", ""lot"": 0.08, ""muc_stopout"": 0.5, ""tia_lenh"": false, ""tp"": 9, ""tran_tang"": 5}"
AUDCAD,M15,2018.07.01,2018.12.31,184,0,51.0,10000.0,hai_chieu,35,18,12,0.08,nhan,0.25,1.0,True,5,0.0,0.0,100.0,0.552,3.03,1.03,127,0.0,-0.5,1.121,124,-132.08,-2.62,0,-0.906,-1.053,-1.909,-2.36,LECH,"{""bien_cap"": 5, ""buoc"": 35, ""buoc_tran"": 400.0, ""cap_moi_bar"": 999, ""che_do"": ""hai_chieu"", ""cho_lui"": 0.0, ""chot_tien"": 0.0, ""don_bay"": 100.0, ""dung_lo_tong"": 0.0, ""he_so_buoc"": 1.0, ""he_so_lot"": 0.25, ""kieu_lot"": ""nhan"", ""lot"": 0.08, ""muc_stopout"": 0.5, ""tia_lenh"": true, ""tp"": 18, ""tran_tang"": 12}"
AUDCAD,M15,2018.07.01,2018.12.31,184,0,51.0,10000.0,hai_chieu,21,9,9,0.04,cong,0.25,1.2,False,5,0.0,0.0,100.0,22.473,13.89,1.41,717,0.0,5.514,16.489,759,-452.48,-8.976,0,0.245,-16.958,2.599,5.86,LECH,"{""bien_cap"": 5, ""buoc"": 21, ""buoc_tran"": 400.0, ""cap_moi_bar"": 999, ""che_do"": ""hai_chieu"", ""cho_lui"": 0.0, ""chot_tien"": 0.0, ""don_bay"": 100.0, ""dung_lo_tong"": 0.0, ""he_so_buoc"": 1.2, ""he_so_lot"": 0.25, ""kieu_lot"": ""cong"", ""lot"": 0.04, ""muc_stopout"": 0.5, ""tia_lenh"": false, ""tp"": 9, ""tran_tang"": 9}"
AUDCAD,M15,2019.01.01,2019.06.30,181,0,100.0,10000.0,hai_chieu,21,9,9,0.04,phang,0.25,1.2,False,5,0.0,0.0,100.0,-0.316,5.56,0.99,374,0.0,-1.29,6.069,437,-211.85,-4.272,0,,-0.973,0.509,16.84,LECH,"{""bien_cap"": 5, ""buoc"": 21, ""buoc_tran"": 400.0, ""cap_moi_bar"": 999, ""che_do"": ""hai_chieu"", ""cho_lui"": 0.0, ""chot_tien"": 0.0, ""don_bay"": 100.0, ""dung_lo_tong"": 0.0, ""he_so_buoc"": 1.2, ""he_so_lot"": 0.25, ""kieu_lot"": ""phang"", ""lot"": 0.04, ""muc_stopout"": 0.5, ""tia_lenh"": false, ""tp"": 9, ""tran_tang"": 9}"
AUDCAD,M15,2019.01.01,2019.06.30,181,0,100.0,10000.0,hai_chieu,21,9,9,0.04,phang,0.25,1.2,True,5,0.0,0.0,100.0,2.012,5.43,1.06,448,0.0,8.739,5.768,552,-154.63,-3.118,1,4.344,6.727,0.337,23.21,LECH,"{""bien_cap"": 5, ""buoc"": 21, ""buoc_tran"": 400.0, ""cap_moi_bar"": 999, ""che_do"": ""hai_chieu"", ""cho_lui"": 0.0, ""chot_tien"": 0.0, ""don_bay"": 100.0, ""dung_lo_tong"": 0.0, ""he_so_buoc"": 1.2, ""he_so_lot"": 0.25, ""kieu_lot"": ""phang"", ""lot"": 0.04, ""muc_stopout"": 0.5, ""tia_lenh"": true, ""tp"": 9, ""tran_tang"": 9}"
AUDCAD,M15,2019.01.01,2019.06.30,181,0,100.0,10000.0,hai_chieu,21,9,9,0.04,cong,0.25,1.2,False,5,0.0,0.0,100.0,6.56,11.84,1.11,548,0.0,-2.716,12.685,568,-218.71,-4.41,0,-0.414,-9.276,0.845,3.65,LECH,"{""bien_cap"": 5, ""buoc"": 21, ""buoc_tran"": 400.0, ""cap_moi_bar"": 999, ""che_do"": ""hai_chieu"", ""cho_lui"": 0.0, ""chot_tien"": 0.0, ""don_bay"": 100.0, ""dung_lo_tong"": 0.0, ""he_so_buoc"": 1.2, ""he_so_lot"": 0.25, ""kieu_lot"": ""cong"", ""lot"": 0.04, ""muc_stopout"": 0.5, ""tia_lenh"": false, ""tp"": 9, ""tran_tang"": 9}"
AUDCAD,M15,2019.01.01,2019.06.30,181,0,100.0,10000.0,hai_chieu,21,9,9,0.04,cong,0.25,1.0,True,5,0.0,0.0,100.0,26.119,20.67,1.38,935,0.0,55.826,16.233,1116,-176.34,-3.556,1,2.137,29.707,-4.437,19.36,LECH,"{""bien_cap"": 5, ""buoc"": 21, ""buoc_tran"": 400.0, ""cap_moi_bar"": 999, ""che_do"": ""hai_chieu"", ""cho_lui"": 0.0, ""chot_tien"": 0.0, ""don_bay"": 100.0, ""dung_lo_tong"": 0.0, ""he_so_buoc"": 1.0, ""he_so_lot"": 0.25, ""kieu_lot"": ""cong"", ""lot"": 0.04, ""muc_stopout"": 0.5, ""tia_lenh"": true, ""tp"": 9, ""tran_tang"": 9}"
AUDCAD,M15,2019.01.01,2019.06.30,181,0,100.0,10000.0,hai_chieu,21,9,9,0.04,phang,0.25,1.0,False,5,0.0,0.0,100.0,-1.316,7.29,0.96,431,0.0,9.609,8.733,713,-206.55,-4.165,1,,10.925,1.443,65.43,LECH,"{""bien_cap"": 5, ""buoc"": 21, ""buoc_tran"": 400.0, ""cap_moi_bar"": 999, ""che_do"": ""hai_chieu"", ""cho_lui"": 0.0, ""chot_tien"": 0.0, ""don_bay"": 100.0, ""dung_lo_tong"": 0.0, ""he_so_buoc"": 1.0, ""he_so_lot"": 0.25, ""kieu_lot"": ""phang"", ""lot"": 0.04, ""muc_stopout"": 0.5, ""tia_lenh"": false, ""tp"": 9, ""tran_tang"": 9}"
AUDCAD,M15,2019.01.01,2019.06.30,181,0,100.0,10000.0,hai_chieu,21,9,9,0.04,cong,0.25,1.0,False,5,0.0,0.0,100.0,-9.428,14.61,0.84,532,0.0,4.85,15.16,866,-272.79,-5.501,1,,14.278,0.55,62.78,LECH,"{""bien_cap"": 5, ""buoc"": 21, ""buoc_tran"": 400.0, ""cap_moi_bar"": 999, ""che_do"": ""hai_chieu"", ""cho_lui"": 0.0, ""chot_tien"": 0.0, ""don_bay"": 100.0, ""dung_lo_tong"": 0.0, ""he_so_buoc"": 1.0, ""he_so_lot"": 0.25, ""kieu_lot"": ""cong"", ""lot"": 0.04, ""muc_stopout"": 0.5, ""tia_lenh"": false, ""tp"": 9, ""tran_tang"": 9}"
AUDCAD,M15,2019.01.01,2019.06.30,181,0,100.0,10000.0,hai_chieu,21,9,9,0.04,cong,0.25,1.2,True,5,0.0,0.0,100.0,23.361,9.54,1.48,670,0.0,43.075,3.091,807,-197.09,-3.975,1,1.844,19.714,-6.449,20.45,LECH,"{""bien_cap"": 5, ""buoc"": 21, ""buoc_tran"": 400.0, ""cap_moi_bar"": 999, ""che_do"": ""hai_chieu"", ""cho_lui"": 0.0, ""chot_tien"": 0.0, ""don_bay"": 100.0, ""dung_lo_tong"": 0.0, ""he_so_buoc"": 1.2, ""he_so_lot"": 0.25, ""kieu_lot"": ""cong"", ""lot"": 0.04, ""muc_stopout"": 0.5, ""tia_lenh"": true, ""tp"": 9, ""tran_tang"": 9}"
AUDCAD,M30,2019.03.01,2019.08.31,184,0,100.0,10000.0,mua,45,8,12,0.08,nhan,0.4,1.0,False,6,0.0,0.0,100.0,-11.645,8.82,0.28,68,0.0,-7.729,6.695,73,11.4,0.226,1,,3.916,-2.125,7.35,LECH,"{""bien_cap"": 6, ""buoc"": 45, ""buoc_tran"": 400.0, ""cap_moi_bar"": 999, ""che_do"": ""mua"", ""cho_lui"": 0.0, ""chot_tien"": 0.0, ""don_bay"": 100.0, ""dung_lo_tong"": 0.0, ""he_so_buoc"": 1.0, ""he_so_lot"": 0.4, ""kieu_lot"": ""nhan"", ""lot"": 0.08, ""muc_stopout"": 0.5, ""tia_lenh"": false, ""tp"": 8, ""tran_tang"": 12}"
AUDCAD,M30,2019.03.01,2019.08.31,184,0,100.0,10000.0,hai_chieu,12,26,8,0.15,nhan,0.15,1.0,True,3,0.0,0.0,100.0,-3.798,3.18,0.84,224,0.0,3.16,1.569,249,-221.08,-4.385,1,,6.958,-1.611,11.16,LECH,"{""bien_cap"": 3, ""buoc"": 12, ""buoc_tran"": 400.0, ""cap_moi_bar"": 999, ""che_do"": ""hai_chieu"", ""cho_lui"": 0.0, ""chot_tien"": 0.0, ""don_bay"": 100.0, ""dung_lo_tong"": 0.0, ""he_so_buoc"": 1.0, ""he_so_lot"": 0.15, ""kieu_lot"": ""nhan"", ""lot"": 0.15, ""muc_stopout"": 0.5, ""tia_lenh"": true, ""tp"": 26, ""tran_tang"": 8}"
AUDCAD,M30,2019.03.01,2019.08.31,184,0,100.0,10000.0,ban,60,6,5,0.04,nhan,0.5,1.0,True,6,0.0,0.0,100.0,3.393,1.52,2.72,139,0.0,2.442,1.713,147,-85.58,-1.698,0,0.72,-0.952,0.193,5.76,KHOP,"{""bien_cap"": 6, ""buoc"": 60, ""buoc_tran"": 400.0, ""cap_moi_bar"": 999, ""che_do"": ""ban"", ""cho_lui"": 0.0, ""chot_tien"": 0.0, ""don_bay"": 100.0, ""dung_lo_tong"": 0.0, ""he_so_buoc"": 1.0, ""he_so_lot"": 0.5, ""kieu_lot"": ""nhan"", ""lot"": 0.04, ""muc_stopout"": 0.5, ""tia_lenh"": true, ""tp"": 6, ""tran_tang"": 5}"
AUDCAD,M30,2019.03.01,2019.08.31,184,0,100.0,10000.0,hai_chieu,20,10,5,0.15,nhan,0.5,1.0,True,5,0.0,0.0,100.0,-3.384,2.58,0.91,228,0.0,0.905,3.503,249,-342.38,-6.792,1,,4.289,0.923,9.21,LECH,"{""bien_cap"": 5, ""buoc"": 20, ""buoc_tran"": 400.0, ""cap_moi_bar"": 999, ""che_do"": ""hai_chieu"", ""cho_lui"": 0.0, ""chot_tien"": 0.0, ""don_bay"": 100.0, ""dung_lo_tong"": 0.0, ""he_so_buoc"": 1.0, ""he_so_lot"": 0.5, ""kieu_lot"": ""nhan"", ""lot"": 0.15, ""muc_stopout"": 0.5, ""tia_lenh"": true, ""tp"": 10, ""tran_tang"": 5}"
AUDCAD,M30,2019.03.01,2019.08.31,184,0,100.0,10000.0,hai_chieu,8,13,12,0.08,nhan,0.4,1.0,True,5,0.0,0.0,100.0,-1.592,2.19,0.93,466,0.0,2.469,1.058,363,-165.92,-3.291,1,,4.06,-1.132,-22.1,LECH,"{""bien_cap"": 5, ""buoc"": 8, ""buoc_tran"": 400.0, ""cap_moi_bar"": 999, ""che_do"": ""hai_chieu"", ""cho_lui"": 0.0, ""chot_tien"": 0.0, ""don_bay"": 100.0, ""dung_lo_tong"": 0.0, ""he_so_buoc"": 1.0, ""he_so_lot"": 0.4, ""kieu_lot"": ""nhan"", ""lot"": 0.08, ""muc_stopout"": 0.5, ""tia_lenh"": true, ""tp"": 13, ""tran_tang"": 12}"
AUDCAD,M30,2019.03.01,2019.08.31,184,0,100.0,10000.0,hai_chieu,60,8,7,0.15,nhan,0.5,1.0,True,5,0.0,0.0,100.0,-6.473,5.52,0.82,175,0.0,-8.154,7.312,179,-293.43,-5.821,0,,-1.681,1.792,2.29,LECH,"{""bien_cap"": 5, ""buoc"": 60, ""buoc_tran"": 400.0, ""cap_moi_bar"": 999, ""che_do"": ""hai_chieu"", ""cho_lui"": 0.0, ""chot_tien"": 0.0, ""don_bay"": 100.0, ""dung_lo_tong"": 0.0, ""he_so_buoc"": 1.0, ""he_so_lot"": 0.5, ""kieu_lot"": ""nhan"", ""lot"": 0.15, ""muc_stopout"": 0.5, ""tia_lenh"": true, ""tp"": 8, ""tran_tang"": 7}"
AUDCAD,M30,2019.03.01,2019.08.31,184,0,100.0,10000.0,ban,30,45,12,0.5,nhan,0.4,1.0,True,5,0.0,0.0,100.0,41.191,16.88,5.23,58,0.0,32.08,16.349,56,-1001.16,-19.86,0,0.779,-9.111,-0.531,-3.45,LECH,"{""bien_cap"": 5, ""buoc"": 30, ""buoc_tran"": 400.0, ""cap_moi_bar"": 999, ""che_do"": ""ban"", ""cho_lui"": 0.0, ""chot_tien"": 0.0, ""don_bay"": 100.0, ""dung_lo_tong"": 0.0, ""he_so_buoc"": 1.0, ""he_so_lot"": 0.4, ""kieu_lot"": ""nhan"", ""lot"": 0.5, ""muc_stopout"": 0.5, ""tia_lenh"": true, ""tp"": 45, ""tran_tang"": 12}"
AUDCAD,M30,2019.03.01,2019.08.31,184,0,100.0,10000.0,hai_chieu,8,13,6,0.15,nhan,0.25,1.0,True,3,0.0,0.0,100.0,-5.406,3.43,0.79,339,0.0,1.725,1.769,327,-249.92,-4.958,1,,7.131,-1.661,-3.54,LECH,"{""bien_cap"": 3, ""buoc"": 8, ""buoc_tran"": 400.0, ""cap_moi_bar"": 999, ""che_do"": ""hai_chieu"", ""cho_lui"": 0.0, ""chot_tien"": 0.0, ""don_bay"": 100.0, ""dung_lo_tong"": 0.0, ""he_so_buoc"": 1.0, ""he_so_lot"": 0.25, ""kieu_lot"": ""nhan"", ""lot"": 0.15, ""muc_stopout"": 0.5, ""tia_lenh"": true, ""tp"": 13, ""tran_tang"": 6}"
AUDCAD,M5,2019.03.01,2019.08.31,184,0,100.0,10000.0,hai_chieu,12,16,5,0.04,nhan,0.15,1.0,False,3,0.0,0.0,100.0,-0.314,0.37,0.96,174,0.0,-1.526,0.851,136,-59.35,-1.177,0,,-1.211,0.481,-21.84,LECH,"{""bien_cap"": 3, ""buoc"": 12, ""buoc_tran"": 400.0, ""cap_moi_bar"": 999, ""che_do"": ""hai_chieu"", ""cho_lui"": 0.0, ""chot_tien"": 0.0, ""don_bay"": 100.0, ""dung_lo_tong"": 0.0, ""he_so_buoc"": 1.0, ""he_so_lot"": 0.15, ""kieu_lot"": ""nhan"", ""lot"": 0.04, ""muc_stopout"": 0.5, ""tia_lenh"": false, ""tp"": 16, ""tran_tang"": 5}"
AUDCAD,M5,2019.03.01,2019.08.31,184,0,100.0,10000.0,hai_chieu,80,8,7,0.3,nhan,0.15,1.0,True,5,0.0,0.0,100.0,-8.104,4.86,0.81,129,0.0,-15.352,8.831,123,-429.54,-8.521,0,,-7.249,3.971,-4.65,LECH,"{""bien_cap"": 5, ""buoc"": 80, ""buoc_tran"": 400.0, ""cap_moi_bar"": 999, ""che_do"": ""hai_chieu"", ""cho_lui"": 0.0, ""chot_tien"": 0.0, ""don_bay"": 100.0, ""dung_lo_tong"": 0.0, ""he_so_buoc"": 1.0, ""he_so_lot"": 0.15, ""kieu_lot"": ""nhan"", ""lot"": 0.3, ""muc_stopout"": 0.5, ""tia_lenh"": true, ""tp"": 8, ""tran_tang"": 7}"
AUDCAD,M5,2019.03.01,2019.08.31,184,0,100.0,10000.0,hai_chieu,30,13,8,0.02,nhan,0.5,1.0,True,3,0.0,0.0,100.0,-2.474,2.3,0.75,221,0.0,-0.865,0.722,188,-45.76,-0.908,1,,1.609,-1.578,-14.93,LECH,"{""bien_cap"": 3, ""buoc"": 30, ""buoc_tran"": 400.0, ""cap_moi_bar"": 999, ""che_do"": ""hai_chieu"", ""cho_lui"": 0.0, ""chot_tien"": 0.0, ""don_bay"": 100.0, ""dung_lo_tong"": 0.0, ""he_so_buoc"": 1.0, ""he_so_lot"": 0.5, ""kieu_lot"": ""nhan"", ""lot"": 0.02, ""muc_stopout"": 0.5, ""tia_lenh"": true, ""tp"": 13, ""tran_tang"": 8}"
AUDCAD,M5,2019.03.01,2019.08.31,184,0,100.0,10000.0,hai_chieu,30,6,8,0.04,nhan,0.25,1.0,False,5,0.0,0.0,100.0,-3.062,2.44,0.76,292,0.0,-2.48,1.405,218,-65.56,-1.3,1,,0.582,-1.035,-25.34,LECH,"{""bien_cap"": 5, ""buoc"": 30, ""buoc_tran"": 400.0, ""cap_moi_bar"": 999, ""che_do"": ""hai_chieu"", ""cho_lui"": 0.0, ""chot_tien"": 0.0, ""don_bay"": 100.0, ""dung_lo_tong"": 0.0, ""he_so_buoc"": 1.0, ""he_so_lot"": 0.25, ""kieu_lot"": ""nhan"", ""lot"": 0.04, ""muc_stopout"": 0.5, ""tia_lenh"": false, ""tp"": 6, ""tran_tang"": 8}"
AUDCAD,M5,2019.03.01,2019.08.31,184,0,100.0,10000.0,mua,20,16,8,0.02,nhan,0.25,1.0,False,3,0.0,0.0,100.0,-5.542,4.37,0.31,76,0.0,-1.512,1.415,52,2.43,0.048,1,,4.03,-2.955,-31.58,LECH,"{""bien_cap"": 3, ""buoc"": 20, ""buoc_tran"": 400.0, ""cap_moi_bar"": 999, ""che_do"": ""mua"", ""cho_lui"": 0.0, ""chot_tien"": 0.0, ""don_bay"": 100.0, ""dung_lo_tong"": 0.0, ""he_so_buoc"": 1.0, ""he_so_lot"": 0.25, ""kieu_lot"": ""nhan"", ""lot"": 0.02, ""muc_stopout"": 0.5, ""tia_lenh"": false, ""tp"": 16, ""tran_tang"": 8}"
AUDCAD,M5,2019.03.01,2019.08.31,184,0,100.0,10000.0,ban,12,45,12,0.02,nhan,0.5,1.0,True,3,0.0,0.0,100.0,4.54,2.22,2.98,235,0.0,1.216,0.9,159,-48.42,-0.961,0,0.268,-3.324,-1.32,-32.34,LECH,"{""bien_cap"": 3, ""buoc"": 12, ""buoc_tran"": 400.0, ""cap_moi_bar"": 999, ""che_do"": ""ban"", ""cho_lui"": 0.0, ""chot_tien"": 0.0, ""don_bay"": 100.0, ""dung_lo_tong"": 0.0, ""he_so_buoc"": 1.0, ""he_so_lot"": 0.5, ""kieu_lot"": ""nhan"", ""lot"": 0.02, ""muc_stopout"": 0.5, ""tia_lenh"": true, ""tp"": 45, ""tran_tang"": 12}"
EURCAD,H1,2018.07.01,2018.12.31,184,0,51.0,10000.0,hai_chieu,8,26,12,0.04,nhan,0.15,1.0,True,5,0.0,0.0,100.0,0.962,2.82,1.05,527,0.0,5.62,2.455,506,-56.37,-1.118,1,5.845,4.659,-0.365,-3.98,LECH,"{""bien_cap"": 5, ""buoc"": 8, ""buoc_tran"": 400.0, ""cap_moi_bar"": 999, ""che_do"": ""hai_chieu"", ""cho_lui"": 0.0, ""chot_tien"": 0.0, ""don_bay"": 100.0, ""dung_lo_tong"": 0.0, ""he_so_buoc"": 1.0, ""he_so_lot"": 0.15, ""kieu_lot"": ""nhan"", ""lot"": 0.04, ""muc_stopout"": 0.5, ""tia_lenh"": true, ""tp"": 26, ""tran_tang"": 12}"
EURCAD,H1,2018.07.01,2018.12.31,184,0,51.0,10000.0,mua,8,16,10,0.15,nhan,0.15,1.0,False,4,0.0,0.0,100.0,10.538,13.24,12.02,120,0.0,4.15,9.834,112,-125.35,-2.487,0,0.394,-6.388,-3.406,-6.67,LECH,"{""bien_cap"": 4, ""buoc"": 8, ""buoc_tran"": 400.0, ""cap_moi_bar"": 999, ""che_do"": ""mua"", ""cho_lui"": 0.0, ""chot_tien"": 0.0, ""don_bay"": 100.0, ""dung_lo_tong"": 0.0, ""he_so_buoc"": 1.0, ""he_so_lot"": 0.15, ""kieu_lot"": ""nhan"", ""lot"": 0.15, ""muc_stopout"": 0.5, ""tia_lenh"": false, ""tp"": 16, ""tran_tang"": 10}"
EURCAD,H1,2018.07.01,2018.12.31,184,0,51.0,10000.0,mua,60,8,8,0.5,nhan,0.4,1.0,False,6,0.0,0.0,100.0,35.26,40.71,3.28,87,0.0,21.995,41.68,89,-558.89,-11.087,0,0.624,-13.265,0.97,2.3,LECH,"{""bien_cap"": 6, ""buoc"": 60, ""buoc_tran"": 400.0, ""cap_moi_bar"": 999, ""che_do"": ""mua"", ""cho_lui"": 0.0, ""chot_tien"": 0.0, ""don_bay"": 100.0, ""dung_lo_tong"": 0.0, ""he_so_buoc"": 1.0, ""he_so_lot"": 0.4, ""kieu_lot"": ""nhan"", ""lot"": 0.5, ""muc_stopout"": 0.5, ""tia_lenh"": false, ""tp"": 8, ""tran_tang"": 8}"
EURCAD,H1,2018.07.01,2018.12.31,184,0,51.0,10000.0,ban,80,34,7,0.15,nhan,0.15,1.0,False,4,0.0,0.0,100.0,-6.869,11.62,0.73,40,0.0,-11.701,11.756,38,-179.71,-3.565,0,,-4.833,0.136,-5.0,LECH,"{""bien_cap"": 4, ""buoc"": 80, ""buoc_tran"": 400.0, ""cap_moi_bar"": 999, ""che_do"": ""ban"", ""cho_lui"": 0.0, ""chot_tien"": 0.0, ""don_bay"": 100.0, ""dung_lo_tong"": 0.0, ""he_so_buoc"": 1.0, ""he_so_lot"": 0.15, ""kieu_lot"": ""nhan"", ""lot"": 0.15, ""muc_stopout"": 0.5, ""tia_lenh"": false, ""tp"": 34, ""tran_tang"": 7}"
EURCAD,H1,2018.07.01,2018.12.31,184,0,51.0,10000.0,hai_chieu,12,45,6,0.15,nhan,0.4,1.0,True,3,0.0,0.0,100.0,0.075,6.6,1.0,247,0.0,32.027,3.78,421,-407.89,-8.091,1,425.697,31.951,-2.821,70.45,LECH,"{""bien_cap"": 3, ""buoc"": 12, ""buoc_tran"": 400.0, ""cap_moi_bar"": 999, ""che_do"": ""hai_chieu"", ""cho_lui"": 0.0, ""chot_tien"": 0.0, ""don_bay"": 100.0, ""dung_lo_tong"": 0.0, ""he_so_buoc"": 1.0, ""he_so_lot"": 0.4, ""kieu_lot"": ""nhan"", ""lot"": 0.15, ""muc_stopout"": 0.5, ""tia_lenh"": true, ""tp"": 45, ""tran_tang"": 6}"
EURCAD,H1,2018.07.01,2018.12.31,184,0,51.0,10000.0,hai_chieu,20,13,12,0.3,nhan,0.15,1.0,False,4,0.0,0.0,100.0,-1.517,3.5,0.97,204,0.0,-16.737,10.775,203,-615.43,-12.208,0,,-15.22,7.275,-0.49,LECH,"{""bien_cap"": 4, ""buoc"": 20, ""buoc_tran"": 400.0, ""cap_moi_bar"": 999, ""che_do"": ""hai_chieu"", ""cho_lui"": 0.0, ""chot_tien"": 0.0, ""don_bay"": 100.0, ""dung_lo_tong"": 0.0, ""he_so_buoc"": 1.0, ""he_so_lot"": 0.15, ""kieu_lot"": ""nhan"", ""lot"": 0.3, ""muc_stopout"": 0.5, ""tia_lenh"": false, ""tp"": 13, ""tran_tang"": 12}"
EURCAD,H1,2018.07.01,2018.12.31,184,0,51.0,10000.0,hai_chieu,20,10,10,0.5,nhan,0.15,1.0,True,3,0.0,0.0,100.0,-0.36,4.77,1.0,259,0.0,65.849,8.844,394,-1020.85,-20.25,1,,66.21,4.074,52.12,LECH,"{""bien_cap"": 3, ""buoc"": 20, ""buoc_tran"": 400.0, ""cap_moi_bar"": 999, ""che_do"": ""hai_chieu"", ""cho_lui"": 0.0, ""chot_tien"": 0.0, ""don_bay"": 100.0, ""dung_lo_tong"": 0.0, ""he_so_buoc"": 1.0, ""he_so_lot"": 0.15, ""kieu_lot"": ""nhan"", ""lot"": 0.5, ""muc_stopout"": 0.5, ""tia_lenh"": true, ""tp"": 10, ""tran_tang"": 10}"
EURCAD,H1,2018.07.01,2018.12.31,184,0,51.0,10000.0,hai_chieu,12,16,12,0.02,nhan,0.5,1.0,False,5,0.0,0.0,100.0,0.578,3.41,1.03,467,0.0,-1.49,1.185,290,-69.06,-1.37,0,-2.58,-2.068,-2.225,-37.9,LECH,"{""bien_cap"": 5, ""buoc"": 12, ""buoc_tran"": 400.0, ""cap_moi_bar"": 999, ""che_do"": ""hai_chieu"", ""cho_lui"": 0.0, ""chot_tien"": 0.0, ""don_bay"": 100.0, ""dung_lo_tong"": 0.0, ""he_so_buoc"": 1.0, ""he_so_lot"": 0.5, ""kieu_lot"": ""nhan"", ""lot"": 0.02, ""muc_stopout"": 0.5, ""tia_lenh"": false, ""tp"": 16, ""tran_tang"": 12}"
EURCAD,M15,2018.07.01,2018.12.31,184,0,51.0,10000.0,hai_chieu,12,9,5,0.04,phang,0.4,1.5,True,5,0.0,0.0,100.0,3.659,4.27,1.1,625,0.0,29.246,3.444,1166,-283.09,-5.616,1,7.992,25.587,-0.826,86.56,LECH,"{""bien_cap"": 5, ""buoc"": 12, ""buoc_tran"": 400.0, ""cap_moi_bar"": 999, ""che_do"": ""hai_chieu"", ""cho_lui"": 0.0, ""chot_tien"": 0.0, ""don_bay"": 100.0, ""dung_lo_tong"": 0.0, ""he_so_buoc"": 1.5, ""he_so_lot"": 0.4, ""kieu_lot"": ""phang"", ""lot"": 0.04, ""muc_stopout"": 0.5, ""tia_lenh"": true, ""tp"": 9, ""tran_tang"": 5}"
EURCAD,M15,2018.07.01,2018.12.31,184,0,51.0,10000.0,hai_chieu,21,18,12,0.04,phang,0.4,1.2,True,5,0.0,0.0,100.0,22.94,6.83,1.34,823,0.0,57.726,5.879,1222,-320.39,-6.356,1,2.516,34.785,-0.951,48.48,LECH,"{""bien_cap"": 5, ""buoc"": 21, ""buoc_tran"": 400.0, ""cap_moi_bar"": 999, ""che_do"": ""hai_chieu"", ""cho_lui"": 0.0, ""chot_tien"": 0.0, ""don_bay"": 100.0, ""dung_lo_tong"": 0.0, ""he_so_buoc"": 1.2, ""he_so_lot"": 0.4, ""kieu_lot"": ""phang"", ""lot"": 0.04, ""muc_stopout"": 0.5, ""tia_lenh"": true, ""tp"": 18, ""tran_tang"": 12}"
EURCAD,M15,2018.07.01,2018.12.31,184,0,51.0,10000.0,hai_chieu,21,9,9,0.04,phang,0.25,1.0,True,5,0.0,0.0,100.0,14.489,9.77,1.22,1111,0.0,69.642,5.945,1968,-360.88,-7.159,1,4.807,55.153,-3.825,77.14,LECH,"{""bien_cap"": 5, ""buoc"": 21, ""buoc_tran"": 400.0, ""cap_moi_bar"": 999, ""che_do"": ""hai_chieu"", ""cho_lui"": 0.0, ""chot_tien"": 0.0, ""don_bay"": 100.0, ""dung_lo_tong"": 0.0, ""he_so_buoc"": 1.0, ""he_so_lot"": 0.25, ""kieu_lot"": ""phang"", ""lot"": 0.04, ""muc_stopout"": 0.5, ""tia_lenh"": true, ""tp"": 9, ""tran_tang"": 9}"
EURCAD,M15,2018.07.01,2018.12.31,184,0,51.0,10000.0,hai_chieu,35,12,9,0.02,phang,0.15,1.5,False,5,0.0,0.0,100.0,1.972,3.18,1.1,384,0.0,0.977,2.852,437,-139.72,-2.772,0,0.495,-0.996,-0.328,13.8,KHOP,"{""bien_cap"": 5, ""buoc"": 35, ""buoc_tran"": 400.0, ""cap_moi_bar"": 999, ""che_do"": ""hai_chieu"", ""cho_lui"": 0.0, ""chot_tien"": 0.0, ""don_bay"": 100.0, ""dung_lo_tong"": 0.0, ""he_so_buoc"": 1.5, ""he_so_lot"": 0.15, ""kieu_lot"": ""phang"", ""lot"": 0.02, ""muc_stopout"": 0.5, ""tia_lenh"": false, ""tp"": 12, ""tran_tang"": 9}"
EURCAD,M15,2018.07.01,2018.12.31,184,0,51.0,10000.0,hai_chieu,21,18,7,0.02,nhan,0.15,1.5,False,5,0.0,0.0,100.0,1.911,1.55,1.17,254,0.0,-1.06,0.656,120,-40.36,-0.801,0,-0.554,-2.971,-0.893,-52.76,LECH,"{""bien_cap"": 5, ""buoc"": 21, ""buoc_tran"": 400.0, ""cap_moi_bar"": 999, ""che_do"": ""hai_chieu"", ""cho_lui"": 0.0, ""chot_tien"": 0.0, ""don_bay"": 100.0, ""dung_lo_tong"": 0.0, ""he_so_buoc"": 1.5, ""he_so_lot"": 0.15, ""kieu_lot"": ""nhan"", ""lot"": 0.02, ""muc_stopout"": 0.5, ""tia_lenh"": false, ""tp"": 18, ""tran_tang"": 7}"
EURCAD,M15,2018.07.01,2018.12.31,184,0,51.0,10000.0,hai_chieu,35,6,9,0.08,nhan,0.15,1.0,False,5,0.0,0.0,100.0,-1.971,2.29,0.91,299,0.0,-6.328,3.426,251,-160.77,-3.189,0,,-4.357,1.137,-16.05,LECH,"{""bien_cap"": 5, ""buoc"": 35, ""buoc_tran"": 400.0, ""cap_moi_bar"": 999, ""che_do"": ""hai_chieu"", ""cho_lui"": 0.0, ""chot_tien"": 0.0, ""don_bay"": 100.0, ""dung_lo_tong"": 0.0, ""he_so_buoc"": 1.0, ""he_so_lot"": 0.15, ""kieu_lot"": ""nhan"", ""lot"": 0.08, ""muc_stopout"": 0.5, ""tia_lenh"": false, ""tp"": 6, ""tran_tang"": 9}"
EURCAD,M15,2018.07.01,2018.12.31,184,0,51.0,10000.0,hai_chieu,21,9,9,0.04,phang,0.25,1.2,False,5,0.0,0.0,100.0,10.603,9.74,1.19,753,0.0,5.281,9.776,1016,-406.33,-8.06,0,0.498,-5.322,0.036,34.93,LECH,"{""bien_cap"": 5, ""buoc"": 21, ""buoc_tran"": 400.0, ""cap_moi_bar"": 999, ""che_do"": ""hai_chieu"", ""cho_lui"": 0.0, ""chot_tien"": 0.0, ""don_bay"": 100.0, ""dung_lo_tong"": 0.0, ""he_so_buoc"": 1.2, ""he_so_lot"": 0.25, ""kieu_lot"": ""phang"", ""lot"": 0.04, ""muc_stopout"": 0.5, ""tia_lenh"": false, ""tp"": 9, ""tran_tang"": 9}"
EURCAD,M15,2018.07.01,2018.12.31,184,0,51.0,10000.0,hai_chieu,21,18,9,0.04,phang,0.4,1.5,True,5,0.0,0.0,100.0,12.512,6.42,1.31,507,0.0,40.47,2.626,689,-207.77,-4.122,1,3.234,27.958,-3.795,35.9,LECH,"{""bien_cap"": 5, ""buoc"": 21, ""buoc_tran"": 400.0, ""cap_moi_bar"": 999, ""che_do"": ""hai_chieu"", ""cho_lui"": 0.0, ""chot_tien"": 0.0, ""don_bay"": 100.0, ""dung_lo_tong"": 0.0, ""he_so_buoc"": 1.5, ""he_so_lot"": 0.4, ""kieu_lot"": ""phang"", ""lot"": 0.04, ""muc_stopout"": 0.5, ""tia_lenh"": true, ""tp"": 18, ""tran_tang"": 9}"
EURCAD,M15,2018.07.01,2018.12.31,184,0,51.0,10000.0,hai_chieu,12,9,5,0.02,phang,0.4,1.0,False,5,0.0,0.0,100.0,1.691,1.95,1.12,494,0.0,-3.451,4.1,563,-162.87,-3.231,0,-2.041,-5.142,2.15,13.97,LECH,"{""bien_cap"": 5, ""buoc"": 12, ""buoc_tran"": 400.0, ""cap_moi_bar"": 999, ""che_do"": ""hai_chieu"", ""cho_lui"": 0.0, ""chot_tien"": 0.0, ""don_bay"": 100.0, ""dung_lo_tong"": 0.0, ""he_so_buoc"": 1.0, ""he_so_lot"": 0.4, ""kieu_lot"": ""phang"", ""lot"": 0.02, ""muc_stopout"": 0.5, ""tia_lenh"": false, ""tp"": 9, ""tran_tang"": 5}"
EURCAD,M15,2018.07.01,2018.12.31,184,0,51.0,10000.0,hai_chieu,12,12,5,0.04,nhan,0.4,1.2,True,5,0.0,0.0,100.0,1.158,1.15,1.09,338,0.0,4.597,1.078,380,-111.81,-2.218,1,3.971,3.44,-0.072,12.43,LECH,"{""bien_cap"": 5, ""buoc"": 12, ""buoc_tran"": 400.0, ""cap_moi_bar"": 999, ""che_do"": ""hai_chieu"", ""cho_lui"": 0.0, ""chot_tien"": 0.0, ""don_bay"": 100.0, ""dung_lo_tong"": 0.0, ""he_so_buoc"": 1.2, ""he_so_lot"": 0.4, ""kieu_lot"": ""nhan"", ""lot"": 0.04, ""muc_stopout"": 0.5, ""tia_lenh"": true, ""tp"": 12, ""tran_tang"": 5}"
EURCAD,M15,2018.07.01,2018.12.31,184,0,51.0,10000.0,hai_chieu,21,9,9,0.04,phang,0.25,1.2,True,5,0.0,0.0,100.0,19.191,8.05,1.27,1133,0.0,57.098,5.511,1672,-299.69,-5.945,1,2.975,37.907,-2.539,47.57,LECH,"{""bien_cap"": 5, ""buoc"": 21, ""buoc_tran"": 400.0, ""cap_moi_bar"": 999, ""che_do"": ""hai_chieu"", ""cho_lui"": 0.0, ""chot_tien"": 0.0, ""don_bay"": 100.0, ""dung_lo_tong"": 0.0, ""he_so_buoc"": 1.2, ""he_so_lot"": 0.25, ""kieu_lot"": ""phang"", ""lot"": 0.04, ""muc_stopout"": 0.5, ""tia_lenh"": true, ""tp"": 9, ""tran_tang"": 9}"
EURCAD,M15,2018.07.01,2018.12.31,184,0,51.0,10000.0,hai_chieu,21,9,9,0.04,cong,0.25,1.2,True,5,0.0,0.0,100.0,29.277,13.06,1.22,1451,0.0,103.965,11.185,2410,-352.83,-6.999,1,3.551,74.688,-1.875,66.09,LECH,"{""bien_cap"": 5, ""buoc"": 21, ""buoc_tran"": 400.0, ""cap_moi_bar"": 999, ""che_do"": ""hai_chieu"", ""cho_lui"": 0.0, ""chot_tien"": 0.0, ""don_bay"": 100.0, ""dung_lo_tong"": 0.0, ""he_so_buoc"": 1.2, ""he_so_lot"": 0.25, ""kieu_lot"": ""cong"", ""lot"": 0.04, ""muc_stopout"": 0.5, ""tia_lenh"": true, ""tp"": 9, ""tran_tang"": 9}"
EURCAD,M15,2018.07.01,2018.12.31,184,0,51.0,10000.0,hai_chieu,12,9,9,0.08,phang,0.4,1.2,True,5,0.0,0.0,100.0,20.936,14.66,1.16,1108,0.0,153.566,10.903,2331,-736.75,-14.615,1,7.335,132.63,-3.757,110.38,LECH,"{""bien_cap"": 5, ""buoc"": 12, ""buoc_tran"": 400.0, ""cap_moi_bar"": 999, ""che_do"": ""hai_chieu"", ""cho_lui"": 0.0, ""chot_tien"": 0.0, ""don_bay"": 100.0, ""dung_lo_tong"": 0.0, ""he_so_buoc"": 1.2, ""he_so_lot"": 0.4, ""kieu_lot"": ""phang"", ""lot"": 0.08, ""muc_stopout"": 0.5, ""tia_lenh"": true, ""tp"": 9, ""tran_tang"": 9}"
EURCAD,M15,2018.07.01,2018.12.31,184,0,51.0,10000.0,hai_chieu,12,18,5,0.04,phang,0.25,1.0,False,5,0.0,0.0,100.0,4.225,3.09,1.17,265,0.0,-4.285,6.294,290,-331.48,-6.576,0,-1.014,-8.51,3.204,9.43,LECH,"{""bien_cap"": 5, ""buoc"": 12, ""buoc_tran"": 400.0, ""cap_moi_bar"": 999, ""che_do"": ""hai_chieu"", ""cho_lui"": 0.0, ""chot_tien"": 0.0, ""don_bay"": 100.0, ""dung_lo_tong"": 0.0, ""he_so_buoc"": 1.0, ""he_so_lot"": 0.25, ""kieu_lot"": ""phang"", ""lot"": 0.04, ""muc_stopout"": 0.5, ""tia_lenh"": false, ""tp"": 18, ""tran_tang"": 5}"
EURCAD,M15,2018.07.01,2018.12.31,184,0,51.0,10000.0,hai_chieu,21,9,9,0.04,cong,0.25,1.0,False,5,0.0,0.0,100.0,28.791,17.16,1.27,1237,0.0,31.048,14.793,1701,-673.39,-13.358,1,1.078,2.257,-2.367,37.51,LECH,"{""bien_cap"": 5, ""buoc"": 21, ""buoc_tran"": 400.0, ""cap_moi_bar"": 999, ""che_do"": ""hai_chieu"", ""cho_lui"": 0.0, ""chot_tien"": 0.0, ""don_bay"": 100.0, ""dung_lo_tong"": 0.0, ""he_so_buoc"": 1.0, ""he_so_lot"": 0.25, ""kieu_lot"": ""cong"", ""lot"": 0.04, ""muc_stopout"": 0.5, ""tia_lenh"": false, ""tp"": 9, ""tran_tang"": 9}"
EURCAD,M15,2018.07.01,2018.12.31,184,0,51.0,10000.0,hai_chieu,21,9,9,0.04,phang,0.25,1.0,False,5,0.0,0.0,100.0,15.718,10.05,1.28,862,0.0,17.148,11.221,1162,-440.92,-8.747,1,1.091,1.43,1.171,34.8,LECH,"{""bien_cap"": 5, ""buoc"": 21, ""buoc_tran"": 400.0, ""cap_moi_bar"": 999, ""che_do"": ""hai_chieu"", ""cho_lui"": 0.0, ""chot_tien"": 0.0, ""don_bay"": 100.0, ""dung_lo_tong"": 0.0, ""he_so_buoc"": 1.0, ""he_so_lot"": 0.25, ""kieu_lot"": ""phang"", ""lot"": 0.04, ""muc_stopout"": 0.5, ""tia_lenh"": false, ""tp"": 9, ""tran_tang"": 9}"
EURCAD,M15,2018.07.01,2018.12.31,184,0,51.0,10000.0,hai_chieu,16,18,7,0.08,nhan,0.4,1.0,True,5,0.0,0.0,100.0,2.069,1.88,1.1,267,0.0,11.977,2.17,338,-224.69,-4.457,1,5.79,9.909,0.29,26.59,LECH,"{""bien_cap"": 5, ""buoc"": 16, ""buoc_tran"": 400.0, ""cap_moi_bar"": 999, ""che_do"": ""hai_chieu"", ""cho_lui"": 0.0, ""chot_tien"": 0.0, ""don_bay"": 100.0, ""dung_lo_tong"": 0.0, ""he_so_buoc"": 1.0, ""he_so_lot"": 0.4, ""kieu_lot"": ""nhan"", ""lot"": 0.08, ""muc_stopout"": 0.5, ""tia_lenh"": true, ""tp"": 18, ""tran_tang"": 7}"
EURCAD,M15,2018.07.01,2018.12.31,184,0,51.0,10000.0,hai_chieu,12,18,12,0.04,phang,0.4,1.2,True,5,0.0,0.0,100.0,19.404,8.8,1.25,1079,0.0,96.79,5.933,1843,-420.85,-8.348,1,4.988,77.386,-2.867,70.81,LECH,"{""bien_cap"": 5, ""buoc"": 12, ""buoc_tran"": 400.0, ""cap_moi_bar"": 999, ""che_do"": ""hai_chieu"", ""cho_lui"": 0.0, ""chot_tien"": 0.0, ""don_bay"": 100.0, ""dung_lo_tong"": 0.0, ""he_so_buoc"": 1.2, ""he_so_lot"": 0.4, ""kieu_lot"": ""phang"", ""lot"": 0.04, ""muc_stopout"": 0.5, ""tia_lenh"": true, ""tp"": 18, ""tran_tang"": 12}"
EURCAD,M15,2018.07.01,2018.12.31,184,0,51.0,10000.0,hai_chieu,21,9,9,0.04,cong,0.25,1.2,False,5,0.0,0.0,100.0,20.794,20.75,1.19,1180,0.0,33.445,15.371,1627,-539.05,-10.693,1,1.608,12.652,-5.379,37.88,LECH,"{""bien_cap"": 5, ""buoc"": 21, ""buoc_tran"": 400.0, ""cap_moi_bar"": 999, ""che_do"": ""hai_chieu"", ""cho_lui"": 0.0, ""chot_tien"": 0.0, ""don_bay"": 100.0, ""dung_lo_tong"": 0.0, ""he_so_buoc"": 1.2, ""he_so_lot"": 0.25, ""kieu_lot"": ""cong"", ""lot"": 0.04, ""muc_stopout"": 0.5, ""tia_lenh"": false, ""tp"": 9, ""tran_tang"": 9}"
EURCAD,M15,2018.07.01,2018.12.31,184,0,51.0,10000.0,hai_chieu,35,6,12,0.08,nhan,0.4,1.2,False,5,0.0,0.0,100.0,1.578,2.82,1.06,369,0.0,-7.866,4.809,317,-220.08,-4.366,0,-4.986,-9.444,1.989,-14.09,LECH,"{""bien_cap"": 5, ""buoc"": 35, ""buoc_tran"": 400.0, ""cap_moi_bar"": 999, ""che_do"": ""hai_chieu"", ""cho_lui"": 0.0, ""chot_tien"": 0.0, ""don_bay"": 100.0, ""dung_lo_tong"": 0.0, ""he_so_buoc"": 1.2, ""he_so_lot"": 0.4, ""kieu_lot"": ""nhan"", ""lot"": 0.08, ""muc_stopout"": 0.5, ""tia_lenh"": false, ""tp"": 6, ""tran_tang"": 12}"
EURCAD,M15,2018.07.01,2018.12.31,184,0,51.0,10000.0,hai_chieu,35,6,5,0.08,nhan,0.4,1.5,True,5,0.0,0.0,100.0,-0.297,1.41,0.99,266,0.0,-3.849,4.723,327,-220.47,-4.373,0,,-3.552,3.313,22.93,LECH,"{""bien_cap"": 5, ""buoc"": 35, ""buoc_tran"": 400.0, ""cap_moi_bar"": 999, ""che_do"": ""hai_chieu"", ""cho_lui"": 0.0, ""chot_tien"": 0.0, ""don_bay"": 100.0, ""dung_lo_tong"": 0.0, ""he_so_buoc"": 1.5, ""he_so_lot"": 0.4, ""kieu_lot"": ""nhan"", ""lot"": 0.08, ""muc_stopout"": 0.5, ""tia_lenh"": true, ""tp"": 6, ""tran_tang"": 5}"
EURCAD,M15,2018.07.01,2018.12.31,184,0,51.0,10000.0,hai_chieu,21,9,9,0.04,cong,0.25,1.0,True,5,0.0,0.0,100.0,52.573,20.63,1.33,1880,0.0,134.936,16.161,2894,-503.52,-9.988,1,2.567,82.363,-4.469,53.94,LECH,"{""bien_cap"": 5, ""buoc"": 21, ""buoc_tran"": 400.0, ""cap_moi_bar"": 999, ""che_do"": ""hai_chieu"", ""cho_lui"": 0.0, ""chot_tien"": 0.0, ""don_bay"": 100.0, ""dung_lo_tong"": 0.0, ""he_so_buoc"": 1.0, ""he_so_lot"": 0.25, ""kieu_lot"": ""cong"", ""lot"": 0.04, ""muc_stopout"": 0.5, ""tia_lenh"": true, ""tp"": 9, ""tran_tang"": 9}"
EURCAD,M30,2018.07.01,2018.12.31,184,0,51.0,10000.0,hai_chieu,12,10,7,0.08,nhan,0.4,1.0,False,6,0.0,0.0,100.0,1.076,1.57,1.05,328,0.0,-6.171,4.176,313,-230.62,-4.575,0,-5.734,-7.247,2.606,-4.57,LECH,"{""bien_cap"": 6, ""buoc"": 12, ""buoc_tran"": 400.0, ""cap_moi_bar"": 999, ""che_do"": ""hai_chieu"", ""cho_lui"": 0.0, ""chot_tien"": 0.0, ""don_bay"": 100.0, ""dung_lo_tong"": 0.0, ""he_so_buoc"": 1.0, ""he_so_lot"": 0.4, ""kieu_lot"": ""nhan"", ""lot"": 0.08, ""muc_stopout"": 0.5, ""tia_lenh"": false, ""tp"": 10, ""tran_tang"": 7}"
EURCAD,M30,2018.07.01,2018.12.31,184,0,51.0,10000.0,hai_chieu,30,8,6,0.5,nhan,0.5,1.0,True,3,0.0,0.0,100.0,7.911,9.73,1.05,296,0.0,14.44,25.379,400,-1621.96,-32.175,1,1.825,6.53,15.649,35.14,LECH,"{""bien_cap"": 3, ""buoc"": 30, ""buoc_tran"": 400.0, ""cap_moi_bar"": 999, ""che_do"": ""hai_chieu"", ""cho_lui"": 0.0, ""chot_tien"": 0.0, ""don_bay"": 100.0, ""dung_lo_tong"": 0.0, ""he_so_buoc"": 1.0, ""he_so_lot"": 0.5, ""kieu_lot"": ""nhan"", ""lot"": 0.5, ""muc_stopout"": 0.5, ""tia_lenh"": true, ""tp"": 8, ""tran_tang"": 6}"
EURCAD,M30,2018.07.01,2018.12.31,184,0,51.0,10000.0,ban,30,13,6,0.02,nhan,0.15,1.0,False,4,0.0,0.0,100.0,-3.094,4.01,0.66,144,0.0,-1.703,1.677,92,-24.29,-0.482,1,,1.391,-2.333,-36.11,LECH,"{""bien_cap"": 4, ""buoc"": 30, ""buoc_tran"": 400.0, ""cap_moi_bar"": 999, ""che_do"": ""ban"", ""cho_lui"": 0.0, ""chot_tien"": 0.0, ""don_bay"": 100.0, ""dung_lo_tong"": 0.0, ""he_so_buoc"": 1.0, ""he_so_lot"": 0.15, ""kieu_lot"": ""nhan"", ""lot"": 0.02, ""muc_stopout"": 0.5, ""tia_lenh"": false, ""tp"": 13, ""tran_tang"": 6}"
EURCAD,M30,2018.07.01,2018.12.31,184,0,51.0,10000.0,ban,30,16,5,0.08,nhan,0.15,1.0,True,6,0.0,0.0,100.0,-4.603,7.25,0.69,95,0.0,-1.83,6.272,104,-97.05,-1.925,1,,2.773,-0.978,9.47,LECH,"{""bien_cap"": 6, ""buoc"": 30, ""buoc_tran"": 400.0, ""cap_moi_bar"": 999, ""che_do"": ""ban"", ""cho_lui"": 0.0, ""chot_tien"": 0.0, ""don_bay"": 100.0, ""dung_lo_tong"": 0.0, ""he_so_buoc"": 1.0, ""he_so_lot"": 0.15, ""kieu_lot"": ""nhan"", ""lot"": 0.08, ""muc_stopout"": 0.5, ""tia_lenh"": true, ""tp"": 16, ""tran_tang"": 5}"
EURCAD,M30,2018.07.01,2018.12.31,184,0,51.0,10000.0,mua,16,10,8,0.04,nhan,0.25,1.0,True,3,0.0,0.0,100.0,5.342,5.6,3.49,199,0.0,4.902,2.944,193,-37.67,-0.747,0,0.918,-0.44,-2.656,-3.02,LECH,"{""bien_cap"": 3, ""buoc"": 16, ""buoc_tran"": 400.0, ""cap_moi_bar"": 999, ""che_do"": ""mua"", ""cho_lui"": 0.0, ""chot_tien"": 0.0, ""don_bay"": 100.0, ""dung_lo_tong"": 0.0, ""he_so_buoc"": 1.0, ""he_so_lot"": 0.25, ""kieu_lot"": ""nhan"", ""lot"": 0.04, ""muc_stopout"": 0.5, ""tia_lenh"": true, ""tp"": 10, ""tran_tang"": 8}"
EURCAD,M30,2018.07.01,2018.12.31,184,0,51.0,10000.0,hai_chieu,8,26,8,0.04,nhan,0.4,1.0,True,5,0.0,0.0,100.0,2.736,1.72,1.17,471,0.0,6.183,1.344,463,-112.94,-2.24,1,2.26,3.447,-0.376,-1.7,LECH,"{""bien_cap"": 5, ""buoc"": 8, ""buoc_tran"": 400.0, ""cap_moi_bar"": 999, ""che_do"": ""hai_chieu"", ""cho_lui"": 0.0, ""chot_tien"": 0.0, ""don_bay"": 100.0, ""dung_lo_tong"": 0.0, ""he_so_buoc"": 1.0, ""he_so_lot"": 0.4, ""kieu_lot"": ""nhan"", ""lot"": 0.04, ""muc_stopout"": 0.5, ""tia_lenh"": true, ""tp"": 26, ""tran_tang"": 8}"
EURCAD,M30,2018.07.01,2018.12.31,184,0,51.0,10000.0,ban,8,13,10,0.3,nhan,0.5,1.0,True,6,0.0,0.0,100.0,-21.645,32.05,0.73,247,0.0,-5.071,30.251,281,-608.59,-12.073,1,,16.574,-1.799,13.77,LECH,"{""bien_cap"": 6, ""buoc"": 8, ""buoc_tran"": 400.0, ""cap_moi_bar"": 999, ""che_do"": ""ban"", ""cho_lui"": 0.0, ""chot_tien"": 0.0, ""don_bay"": 100.0, ""dung_lo_tong"": 0.0, ""he_so_buoc"": 1.0, ""he_so_lot"": 0.5, ""kieu_lot"": ""nhan"", ""lot"": 0.3, ""muc_stopout"": 0.5, ""tia_lenh"": true, ""tp"": 13, ""tran_tang"": 10}"
EURCAD,M30,2018.07.01,2018.12.31,184,0,51.0,10000.0,hai_chieu,16,8,7,0.15,nhan,0.5,1.0,True,3,0.0,0.0,100.0,0.568,3.36,1.01,369,0.0,27.532,6.127,599,-501.84,-9.955,1,48.478,26.964,2.767,62.33,LECH,"{""bien_cap"": 3, ""buoc"": 16, ""buoc_tran"": 400.0, ""cap_moi_bar"": 999, ""che_do"": ""hai_chieu"", ""cho_lui"": 0.0, ""chot_tien"": 0.0, ""don_bay"": 100.0, ""dung_lo_tong"": 0.0, ""he_so_buoc"": 1.0, ""he_so_lot"": 0.5, ""kieu_lot"": ""nhan"", ""lot"": 0.15, ""muc_stopout"": 0.5, ""tia_lenh"": true, ""tp"": 8, ""tran_tang"": 7}"
EURCAD,M5,2018.07.01,2018.12.31,184,0,51.0,10000.0,hai_chieu,16,26,8,0.04,nhan,0.25,1.0,False,5,0.0,0.0,100.0,0.793,1.68,1.06,193,0.0,-2.031,1.311,142,-92.98,-1.844,0,-2.562,-2.824,-0.369,-26.42,LECH,"{""bien_cap"": 5, ""buoc"": 16, ""buoc_tran"": 400.0, ""cap_moi_bar"": 999, ""che_do"": ""hai_chieu"", ""cho_lui"": 0.0, ""chot_tien"": 0.0, ""don_bay"": 100.0, ""dung_lo_tong"": 0.0, ""he_so_buoc"": 1.0, ""he_so_lot"": 0.25, ""kieu_lot"": ""nhan"", ""lot"": 0.04, ""muc_stopout"": 0.5, ""tia_lenh"": false, ""tp"": 26, ""tran_tang"": 8}"
EURCAD,M5,2018.07.01,2018.12.31,184,0,51.0,10000.0,hai_chieu,8,45,5,0.02,nhan,0.4,1.0,True,3,0.0,0.0,100.0,1.249,1.22,1.14,570,0.0,3.608,1.624,557,-37.16,-0.737,1,2.888,2.358,0.404,-2.28,LECH,"{""bien_cap"": 3, ""buoc"": 8, ""buoc_tran"": 400.0, ""cap_moi_bar"": 999, ""che_do"": ""hai_chieu"", ""cho_lui"": 0.0, ""chot_tien"": 0.0, ""don_bay"": 100.0, ""dung_lo_tong"": 0.0, ""he_so_buoc"": 1.0, ""he_so_lot"": 0.4, ""kieu_lot"": ""nhan"", ""lot"": 0.02, ""muc_stopout"": 0.5, ""tia_lenh"": true, ""tp"": 45, ""tran_tang"": 5}"
EURCAD,M5,2018.07.01,2018.12.31,184,0,51.0,10000.0,hai_chieu,60,34,6,0.08,nhan,0.25,1.0,False,5,0.0,0.0,100.0,1.144,1.46,1.07,74,0.0,-4.037,2.663,63,-181.66,-3.604,0,-3.527,-5.181,1.203,-14.86,LECH,"{""bien_cap"": 5, ""buoc"": 60, ""buoc_tran"": 400.0, ""cap_moi_bar"": 999, ""che_do"": ""hai_chieu"", ""cho_lui"": 0.0, ""chot_tien"": 0.0, ""don_bay"": 100.0, ""dung_lo_tong"": 0.0, ""he_so_buoc"": 1.0, ""he_so_lot"": 0.25, ""kieu_lot"": ""nhan"", ""lot"": 0.08, ""muc_stopout"": 0.5, ""tia_lenh"": false, ""tp"": 34, ""tran_tang"": 6}"
EURCAD,M5,2018.07.01,2018.12.31,184,0,51.0,10000.0,hai_chieu,12,20,5,0.04,nhan,0.25,1.0,True,6,0.0,0.0,100.0,1.211,1.09,1.12,284,0.0,8.811,1.135,274,-70.99,-1.408,1,7.275,7.6,0.045,-3.52,LECH,"{""bien_cap"": 6, ""buoc"": 12, ""buoc_tran"": 400.0, ""cap_moi_bar"": 999, ""che_do"": ""hai_chieu"", ""cho_lui"": 0.0, ""chot_tien"": 0.0, ""don_bay"": 100.0, ""dung_lo_tong"": 0.0, ""he_so_buoc"": 1.0, ""he_so_lot"": 0.25, ""kieu_lot"": ""nhan"", ""lot"": 0.04, ""muc_stopout"": 0.5, ""tia_lenh"": true, ""tp"": 20, ""tran_tang"": 5}"
EURCAD,M5,2018.07.01,2018.12.31,184,0,51.0,10000.0,mua,20,20,5,0.3,nhan,0.4,1.0,False,5,0.0,0.0,100.0,22.068,25.7,12.16,55,0.0,16.951,26.311,66,-348.35,-6.91,0,0.768,-5.117,0.611,20.0,LECH,"{""bien_cap"": 5, ""buoc"": 20, ""buoc_tran"": 400.0, ""cap_moi_bar"": 999, ""che_do"": ""mua"", ""cho_lui"": 0.0, ""chot_tien"": 0.0, ""don_bay"": 100.0, ""dung_lo_tong"": 0.0, ""he_so_buoc"": 1.0, ""he_so_lot"": 0.4, ""kieu_lot"": ""nhan"", ""lot"": 0.3, ""muc_stopout"": 0.5, ""tia_lenh"": false, ""tp"": 20, ""tran_tang"": 5}"
EURCAD,M5,2018.07.01,2018.12.31,184,0,51.0,10000.0,mua,16,13,12,0.5,nhan,0.25,1.0,True,6,0.0,0.0,100.0,27.936,37.7,8.25,103,0.0,49.934,31.068,142,-471.61,-9.355,1,1.787,21.998,-6.632,37.86,LECH,"{""bien_cap"": 6, ""buoc"": 16, ""buoc_tran"": 400.0, ""cap_moi_bar"": 999, ""che_do"": ""mua"", ""cho_lui"": 0.0, ""chot_tien"": 0.0, ""don_bay"": 100.0, ""dung_lo_tong"": 0.0, ""he_so_buoc"": 1.0, ""he_so_lot"": 0.25, ""kieu_lot"": ""nhan"", ""lot"": 0.5, ""muc_stopout"": 0.5, ""tia_lenh"": true, ""tp"": 13, ""tran_tang"": 12}"
EURCAD,M5,2018.07.01,2018.12.31,184,0,51.0,10000.0,mua,16,10,12,0.08,nhan,0.5,1.0,True,3,0.0,0.0,100.0,9.997,11.35,3.68,191,0.0,14.068,8.356,249,-111.01,-2.202,1,1.407,4.071,-2.994,30.37,LECH,"{""bien_cap"": 3, ""buoc"": 16, ""buoc_tran"": 400.0, ""cap_moi_bar"": 999, ""che_do"": ""mua"", ""cho_lui"": 0.0, ""chot_tien"": 0.0, ""don_bay"": 100.0, ""dung_lo_tong"": 0.0, ""he_so_buoc"": 1.0, ""he_so_lot"": 0.5, ""kieu_lot"": ""nhan"", ""lot"": 0.08, ""muc_stopout"": 0.5, ""tia_lenh"": true, ""tp"": 10, ""tran_tang"": 12}"
NZDCAD,H1,2019.03.01,2019.08.31,184,0,100.0,10000.0,hai_chieu,80,34,8,0.02,nhan,0.5,1.0,False,3,0.0,0.0,100.0,-3.786,2.36,0.57,64,0.0,-1.856,1.047,55,-37.43,-0.742,1,,1.93,-1.313,-14.06,LECH,"{""bien_cap"": 3, ""buoc"": 80, ""buoc_tran"": 400.0, ""cap_moi_bar"": 999, ""che_do"": ""hai_chieu"", ""cho_lui"": 0.0, ""chot_tien"": 0.0, ""don_bay"": 100.0, ""dung_lo_tong"": 0.0, ""he_so_buoc"": 1.0, ""he_so_lot"": 0.5, ""kieu_lot"": ""nhan"", ""lot"": 0.02, ""muc_stopout"": 0.5, ""tia_lenh"": false, ""tp"": 34, ""tran_tang"": 8}"
NZDCAD,H1,2019.03.01,2019.08.31,184,0,100.0,10000.0,mua,45,16,6,0.02,nhan,0.5,1.0,False,6,0.0,0.0,100.0,-7.188,4.4,0.14,35,0.0,-4.38,2.805,33,-16.5,-0.327,1,,2.807,-1.594,-5.71,LECH,"{""bien_cap"": 6, ""buoc"": 45, ""buoc_tran"": 400.0, ""cap_moi_bar"": 999, ""che_do"": ""mua"", ""cho_lui"": 0.0, ""chot_tien"": 0.0, ""don_bay"": 100.0, ""dung_lo_tong"": 0.0, ""he_so_buoc"": 1.0, ""he_so_lot"": 0.5, ""kieu_lot"": ""nhan"", ""lot"": 0.02, ""muc_stopout"": 0.5, ""tia_lenh"": false, ""tp"": 16, ""tran_tang"": 6}"
NZDCAD,H1,2019.03.01,2019.08.31,184,0,100.0,10000.0,hai_chieu,20,10,7,0.04,nhan,0.4,1.0,True,3,0.0,0.0,100.0,-5.569,3.03,0.7,352,0.0,1.294,0.804,376,-76.17,-1.511,1,,6.862,-2.226,6.82,LECH,"{""bien_cap"": 3, ""buoc"": 20, ""buoc_tran"": 400.0, ""cap_moi_bar"": 999, ""che_do"": ""hai_chieu"", ""cho_lui"": 0.0, ""chot_tien"": 0.0, ""don_bay"": 100.0, ""dung_lo_tong"": 0.0, ""he_so_buoc"": 1.0, ""he_so_lot"": 0.4, ""kieu_lot"": ""nhan"", ""lot"": 0.04, ""muc_stopout"": 0.5, ""tia_lenh"": true, ""tp"": 10, ""tran_tang"": 7}"
NZDCAD,H1,2019.03.01,2019.08.31,184,0,100.0,10000.0,hai_chieu,20,8,5,0.08,nhan,0.15,1.0,False,3,0.0,0.0,100.0,-5.355,2.82,0.7,244,0.0,-6.246,3.224,233,-114.1,-2.263,0,,-0.891,0.404,-4.51,KHOP,"{""bien_cap"": 3, ""buoc"": 20, ""buoc_tran"": 400.0, ""cap_moi_bar"": 999, ""che_do"": ""hai_chieu"", ""cho_lui"": 0.0, ""chot_tien"": 0.0, ""don_bay"": 100.0, ""dung_lo_tong"": 0.0, ""he_so_buoc"": 1.0, ""he_so_lot"": 0.15, ""kieu_lot"": ""nhan"", ""lot"": 0.08, ""muc_stopout"": 0.5, ""tia_lenh"": false, ""tp"": 8, ""tran_tang"": 5}"
NZDCAD,H1,2019.03.01,2019.08.31,184,0,100.0,10000.0,mua,80,6,6,0.3,nhan,0.15,1.0,False,6,0.0,0.0,100.0,-41.426,25.34,0.18,55,0.0,-41.387,24.92,60,-153.86,-3.052,1,,0.039,-0.42,9.09,KHOP,"{""bien_cap"": 6, ""buoc"": 80, ""buoc_tran"": 400.0, ""cap_moi_bar"": 999, ""che_do"": ""mua"", ""cho_lui"": 0.0, ""chot_tien"": 0.0, ""don_bay"": 100.0, ""dung_lo_tong"": 0.0, ""he_so_buoc"": 1.0, ""he_so_lot"": 0.15, ""kieu_lot"": ""nhan"", ""lot"": 0.3, ""muc_stopout"": 0.5, ""tia_lenh"": false, ""tp"": 6, ""tran_tang"": 6}"
NZDCAD,H1,2019.03.01,2019.08.31,184,0,100.0,10000.0,hai_chieu,45,13,6,0.15,nhan,0.4,1.0,False,5,0.0,0.0,100.0,-8.57,4.7,0.77,145,0.0,-13.913,7.598,142,-268.06,-5.318,0,,-5.343,2.898,-2.07,LECH,"{""bien_cap"": 5, ""buoc"": 45, ""buoc_tran"": 400.0, ""cap_moi_bar"": 999, ""che_do"": ""hai_chieu"", ""cho_lui"": 0.0, ""chot_tien"": 0.0, ""don_bay"": 100.0, ""dung_lo_tong"": 0.0, ""he_so_buoc"": 1.0, ""he_so_lot"": 0.4, ""kieu_lot"": ""nhan"", ""lot"": 0.15, ""muc_stopout"": 0.5, ""tia_lenh"": false, ""tp"": 13, ""tran_tang"": 6}"
NZDCAD,H1,2019.03.01,2019.08.31,184,0,100.0,10000.0,ban,12,13,7,0.3,nhan,0.25,1.0,False,5,0.0,0.0,100.0,29.497,10.6,12.05,158,0.0,22.222,10.172,165,-307.97,-6.109,0,0.753,-7.275,-0.428,4.43,LECH,"{""bien_cap"": 5, ""buoc"": 12, ""buoc_tran"": 400.0, ""cap_moi_bar"": 999, ""che_do"": ""ban"", ""cho_lui"": 0.0, ""chot_tien"": 0.0, ""don_bay"": 100.0, ""dung_lo_tong"": 0.0, ""he_so_buoc"": 1.0, ""he_so_lot"": 0.25, ""kieu_lot"": ""nhan"", ""lot"": 0.3, ""muc_stopout"": 0.5, ""tia_lenh"": false, ""tp"": 13, ""tran_tang"": 7}"
NZDCAD,M15,2018.07.01,2018.12.31,184,0,51.0,10000.0,hai_chieu,16,12,12,0.08,phang,0.25,1.5,False,5,0.0,0.0,100.0,-24.463,20.37,0.69,310,0.0,-38.477,26.771,365,-579.36,-11.493,0,,-14.014,6.401,17.74,LECH,"{""bien_cap"": 5, ""buoc"": 16, ""buoc_tran"": 400.0, ""cap_moi_bar"": 999, ""che_do"": ""hai_chieu"", ""cho_lui"": 0.0, ""chot_tien"": 0.0, ""don_bay"": 100.0, ""dung_lo_tong"": 0.0, ""he_so_buoc"": 1.5, ""he_so_lot"": 0.25, ""kieu_lot"": ""phang"", ""lot"": 0.08, ""muc_stopout"": 0.5, ""tia_lenh"": false, ""tp"": 12, ""tran_tang"": 12}"
NZDCAD,M15,2018.07.01,2018.12.31,184,0,51.0,10000.0,hai_chieu,21,9,9,0.04,cong,0.25,1.0,True,5,0.0,0.0,100.0,-23.451,31.85,0.8,974,0.0,-31.38,37.52,1234,-565.74,-11.223,0,,-7.929,5.67,26.69,LECH,"{""bien_cap"": 5, ""buoc"": 21, ""buoc_tran"": 400.0, ""cap_moi_bar"": 999, ""che_do"": ""hai_chieu"", ""cho_lui"": 0.0, ""chot_tien"": 0.0, ""don_bay"": 100.0, ""dung_lo_tong"": 0.0, ""he_so_buoc"": 1.0, ""he_so_lot"": 0.25, ""kieu_lot"": ""cong"", ""lot"": 0.04, ""muc_stopout"": 0.5, ""tia_lenh"": true, ""tp"": 9, ""tran_tang"": 9}"
NZDCAD,M15,2018.07.01,2018.12.31,184,0,51.0,10000.0,hai_chieu,12,12,5,0.08,nhan,0.4,1.2,True,5,0.0,0.0,100.0,-2.53,2.04,0.87,246,0.0,-3.827,2.3,289,-176.04,-3.492,0,,-1.298,0.26,17.48,LECH,"{""bien_cap"": 5, ""buoc"": 12, ""buoc_tran"": 400.0, ""cap_moi_bar"": 999, ""che_do"": ""hai_chieu"", ""cho_lui"": 0.0, ""chot_tien"": 0.0, ""don_bay"": 100.0, ""dung_lo_tong"": 0.0, ""he_so_buoc"": 1.2, ""he_so_lot"": 0.4, ""kieu_lot"": ""nhan"", ""lot"": 0.08, ""muc_stopout"": 0.5, ""tia_lenh"": true, ""tp"": 12, ""tran_tang"": 5}"
NZDCAD,M15,2018.07.01,2018.12.31,184,0,51.0,10000.0,hai_chieu,35,6,12,0.02,nhan,0.4,1.5,True,5,0.0,0.0,100.0,-2.451,2.14,0.76,346,0.0,-2.027,1.148,276,-41.68,-0.827,1,,0.423,-0.992,-20.23,LECH,"{""bien_cap"": 5, ""buoc"": 35, ""buoc_tran"": 400.0, ""cap_moi_bar"": 999, ""che_do"": ""hai_chieu"", ""cho_lui"": 0.0, ""chot_tien"": 0.0, ""don_bay"": 100.0, ""dung_lo_tong"": 0.0, ""he_so_buoc"": 1.5, ""he_so_lot"": 0.4, ""kieu_lot"": ""nhan"", ""lot"": 0.02, ""muc_stopout"": 0.5, ""tia_lenh"": true, ""tp"": 6, ""tran_tang"": 12}"
NZDCAD,M15,2018.07.01,2018.12.31,184,0,51.0,10000.0,hai_chieu,21,9,9,0.04,phang,0.25,1.0,True,5,0.0,0.0,100.0,-13.304,13.75,0.75,619,0.0,-20.98,15.87,638,-326.36,-6.474,0,,-7.677,2.12,3.07,LECH,"{""bien_cap"": 5, ""buoc"": 21, ""buoc_tran"": 400.0, ""cap_moi_bar"": 999, ""che_do"": ""hai_chieu"", ""cho_lui"": 0.0, ""chot_tien"": 0.0, ""don_bay"": 100.0, ""dung_lo_tong"": 0.0, ""he_so_buoc"": 1.0, ""he_so_lot"": 0.25, ""kieu_lot"": ""phang"", ""lot"": 0.04, ""muc_stopout"": 0.5, ""tia_lenh"": true, ""tp"": 9, ""tran_tang"": 9}"
NZDCAD,M15,2018.07.01,2018.12.31,184,0,51.0,10000.0,hai_chieu,21,9,9,0.04,cong,0.25,1.2,False,5,0.0,0.0,100.0,-32.747,30.84,0.66,630,0.0,-29.098,27.323,758,-431.73,-8.564,1,,3.649,-3.517,20.32,LECH,"{""bien_cap"": 5, ""buoc"": 21, ""buoc_tran"": 400.0, ""cap_moi_bar"": 999, ""che_do"": ""hai_chieu"", ""cho_lui"": 0.0, ""chot_tien"": 0.0, ""don_bay"": 100.0, ""dung_lo_tong"": 0.0, ""he_so_buoc"": 1.2, ""he_so_lot"": 0.25, ""kieu_lot"": ""cong"", ""lot"": 0.04, ""muc_stopout"": 0.5, ""tia_lenh"": false, ""tp"": 9, ""tran_tang"": 9}"
NZDCAD,M15,2018.07.01,2018.12.31,184,0,51.0,10000.0,hai_chieu,21,9,9,0.04,phang,0.25,1.0,False,5,0.0,0.0,100.0,-13.944,13.54,0.73,504,0.0,-21.54,16.672,599,-329.29,-6.532,0,,-7.596,3.132,18.85,LECH,"{""bien_cap"": 5, ""buoc"": 21, ""buoc_tran"": 400.0, ""cap_moi_bar"": 999, ""che_do"": ""hai_chieu"", ""cho_lui"": 0.0, ""chot_tien"": 0.0, ""don_bay"": 100.0, ""dung_lo_tong"": 0.0, ""he_so_buoc"": 1.0, ""he_so_lot"": 0.25, ""kieu_lot"": ""phang"", ""lot"": 0.04, ""muc_stopout"": 0.5, ""tia_lenh"": false, ""tp"": 9, ""tran_tang"": 9}"
NZDCAD,M15,2018.07.01,2018.12.31,184,0,51.0,10000.0,hai_chieu,21,9,9,0.04,phang,0.25,1.2,False,5,0.0,0.0,100.0,-16.064,13.89,0.66,428,0.0,-26.539,17.321,474,-311.78,-6.185,0,,-10.475,3.431,10.75,LECH,"{""bien_cap"": 5, ""buoc"": 21, ""buoc_tran"": 400.0, ""cap_moi_bar"": 999, ""che_do"": ""hai_chieu"", ""cho_lui"": 0.0, ""chot_tien"": 0.0, ""don_bay"": 100.0, ""dung_lo_tong"": 0.0, ""he_so_buoc"": 1.2, ""he_so_lot"": 0.25, ""kieu_lot"": ""phang"", ""lot"": 0.04, ""muc_stopout"": 0.5, ""tia_lenh"": false, ""tp"": 9, ""tran_tang"": 9}"
NZDCAD,M15,2018.07.01,2018.12.31,184,0,51.0,10000.0,hai_chieu,28,18,12,0.02,phang,0.15,1.0,True,5,0.0,0.0,100.0,-4.312,8.79,0.86,495,0.0,-11.213,8.872,375,-178.74,-3.546,0,,-6.901,0.082,-24.24,LECH,"{""bien_cap"": 5, ""buoc"": 28, ""buoc_tran"": 400.0, ""cap_moi_bar"": 999, ""che_do"": ""hai_chieu"", ""cho_lui"": 0.0, ""chot_tien"": 0.0, ""don_bay"": 100.0, ""dung_lo_tong"": 0.0, ""he_so_buoc"": 1.0, ""he_so_lot"": 0.15, ""kieu_lot"": ""phang"", ""lot"": 0.02, ""muc_stopout"": 0.5, ""tia_lenh"": true, ""tp"": 18, ""tran_tang"": 12}"
NZDCAD,M15,2018.07.01,2018.12.31,184,0,51.0,10000.0,hai_chieu,16,18,7,0.02,nhan,0.25,1.0,False,5,0.0,0.0,100.0,-0.925,1.82,0.91,237,0.0,-1.194,0.659,156,-32.13,-0.637,0,,-0.268,-1.161,-34.18,LECH,"{""bien_cap"": 5, ""buoc"": 16, ""buoc_tran"": 400.0, ""cap_moi_bar"": 999, ""che_do"": ""hai_chieu"", ""cho_lui"": 0.0, ""chot_tien"": 0.0, ""don_bay"": 100.0, ""dung_lo_tong"": 0.0, ""he_so_buoc"": 1.0, ""he_so_lot"": 0.25, ""kieu_lot"": ""nhan"", ""lot"": 0.02, ""muc_stopout"": 0.5, ""tia_lenh"": false, ""tp"": 18, ""tran_tang"": 7}"
NZDCAD,M15,2018.07.01,2018.12.31,184,0,51.0,10000.0,hai_chieu,21,9,9,0.04,cong,0.25,1.0,False,5,0.0,0.0,100.0,-25.614,31.46,0.76,788,0.0,-45.457,36.174,881,-495.66,-9.832,0,,-19.844,4.714,11.8,LECH,"{""bien_cap"": 5, ""buoc"": 21, ""buoc_tran"": 400.0, ""cap_moi_bar"": 999, ""che_do"": ""hai_chieu"", ""cho_lui"": 0.0, ""chot_tien"": 0.0, ""don_bay"": 100.0, ""dung_lo_tong"": 0.0, ""he_so_buoc"": 1.0, ""he_so_lot"": 0.25, ""kieu_lot"": ""cong"", ""lot"": 0.04, ""muc_stopout"": 0.5, ""tia_lenh"": false, ""tp"": 9, ""tran_tang"": 9}"
NZDCAD,M15,2018.07.01,2018.12.31,184,0,51.0,10000.0,hai_chieu,21,6,9,0.02,nhan,0.15,1.5,False,5,0.0,0.0,100.0,-3.078,2.52,0.74,419,0.0,-1.936,1.021,247,-31.83,-0.631,1,,1.142,-1.499,-41.05,LECH,"{""bien_cap"": 5, ""buoc"": 21, ""buoc_tran"": 400.0, ""cap_moi_bar"": 999, ""che_do"": ""hai_chieu"", ""cho_lui"": 0.0, ""chot_tien"": 0.0, ""don_bay"": 100.0, ""dung_lo_tong"": 0.0, ""he_so_buoc"": 1.5, ""he_so_lot"": 0.15, ""kieu_lot"": ""nhan"", ""lot"": 0.02, ""muc_stopout"": 0.5, ""tia_lenh"": false, ""tp"": 6, ""tran_tang"": 9}"
NZDCAD,M15,2018.07.01,2018.12.31,184,0,51.0,10000.0,hai_chieu,21,9,9,0.04,cong,0.25,1.2,True,5,0.0,0.0,100.0,-40.308,34.47,0.6,631,0.0,-36.987,31.447,709,-482.0,-9.561,1,,3.321,-3.023,12.36,KHOP,"{""bien_cap"": 5, ""buoc"": 21, ""buoc_tran"": 400.0, ""cap_moi_bar"": 999, ""che_do"": ""hai_chieu"", ""cho_lui"": 0.0, ""chot_tien"": 0.0, ""don_bay"": 100.0, ""dung_lo_tong"": 0.0, ""he_so_buoc"": 1.2, ""he_so_lot"": 0.25, ""kieu_lot"": ""cong"", ""lot"": 0.04, ""muc_stopout"": 0.5, ""tia_lenh"": true, ""tp"": 9, ""tran_tang"": 9}"
NZDCAD,M15,2018.07.01,2018.12.31,184,0,51.0,10000.0,hai_chieu,16,6,12,0.02,nhan,0.25,1.2,True,5,0.0,0.0,100.0,-5.518,4.44,0.68,588,0.0,-1.051,0.582,376,-35.72,-0.708,1,,4.468,-3.858,-36.05,LECH,"{""bien_cap"": 5, ""buoc"": 16, ""buoc_tran"": 400.0, ""cap_moi_bar"": 999, ""che_do"": ""hai_chieu"", ""cho_lui"": 0.0, ""chot_tien"": 0.0, ""don_bay"": 100.0, ""dung_lo_tong"": 0.0, ""he_so_buoc"": 1.2, ""he_so_lot"": 0.25, ""kieu_lot"": ""nhan"", ""lot"": 0.02, ""muc_stopout"": 0.5, ""tia_lenh"": true, ""tp"": 6, ""tran_tang"": 12}"
NZDCAD,M15,2018.07.01,2018.12.31,184,0,51.0,10000.0,hai_chieu,21,9,9,0.04,phang,0.25,1.2,True,5,0.0,0.0,100.0,-3.005,7.37,0.92,473,0.0,-10.502,10.897,580,-278.78,-5.53,0,,-7.497,3.527,22.62,LECH,"{""bien_cap"": 5, ""buoc"": 21, ""buoc_tran"": 400.0, ""cap_moi_bar"": 999, ""che_do"": ""hai_chieu"", ""cho_lui"": 0.0, ""chot_tien"": 0.0, ""don_bay"": 100.0, ""dung_lo_tong"": 0.0, ""he_so_buoc"": 1.2, ""he_so_lot"": 0.25, ""kieu_lot"": ""phang"", ""lot"": 0.04, ""muc_stopout"": 0.5, ""tia_lenh"": true, ""tp"": 9, ""tran_tang"": 9}"
NZDCAD,M15,2019.01.01,2019.06.30,181,0,100.0,10000.0,hai_chieu,21,9,9,0.04,cong,0.25,1.0,True,5,0.0,0.0,100.0,-33.021,26.65,0.69,930,0.0,64.793,10.008,1095,-374.69,-7.556,1,,97.815,-16.642,17.74,LECH,"{""bien_cap"": 5, ""buoc"": 21, ""buoc_tran"": 400.0, ""cap_moi_bar"": 999, ""che_do"": ""hai_chieu"", ""cho_lui"": 0.0, ""chot_tien"": 0.0, ""don_bay"": 100.0, ""dung_lo_tong"": 0.0, ""he_so_buoc"": 1.0, ""he_so_lot"": 0.25, ""kieu_lot"": ""cong"", ""lot"": 0.04, ""muc_stopout"": 0.5, ""tia_lenh"": true, ""tp"": 9, ""tran_tang"": 9}"
NZDCAD,M15,2019.01.01,2019.06.30,181,0,100.0,10000.0,hai_chieu,21,9,9,0.04,phang,0.25,1.0,False,5,0.0,0.0,100.0,-6.845,8.31,0.86,650,0.0,-4.626,9.01,636,-299.72,-6.044,1,,2.22,0.7,-2.15,LECH,"{""bien_cap"": 5, ""buoc"": 21, ""buoc_tran"": 400.0, ""cap_moi_bar"": 999, ""che_do"": ""hai_chieu"", ""cho_lui"": 0.0, ""chot_tien"": 0.0, ""don_bay"": 100.0, ""dung_lo_tong"": 0.0, ""he_so_buoc"": 1.0, ""he_so_lot"": 0.25, ""kieu_lot"": ""phang"", ""lot"": 0.04, ""muc_stopout"": 0.5, ""tia_lenh"": false, ""tp"": 9, ""tran_tang"": 9}"
NZDCAD,M15,2019.01.01,2019.06.30,181,0,100.0,10000.0,hai_chieu,21,9,9,0.04,phang,0.25,1.2,True,5,0.0,0.0,100.0,-6.364,7.0,0.85,612,0.0,3.885,7.389,607,-247.13,-4.984,1,,10.249,0.389,-0.82,LECH,"{""bien_cap"": 5, ""buoc"": 21, ""buoc_tran"": 400.0, ""cap_moi_bar"": 999, ""che_do"": ""hai_chieu"", ""cho_lui"": 0.0, ""chot_tien"": 0.0, ""don_bay"": 100.0, ""dung_lo_tong"": 0.0, ""he_so_buoc"": 1.2, ""he_so_lot"": 0.25, ""kieu_lot"": ""phang"", ""lot"": 0.04, ""muc_stopout"": 0.5, ""tia_lenh"": true, ""tp"": 9, ""tran_tang"": 9}"
NZDCAD,M30,2019.03.01,2019.08.31,184,0,100.0,10000.0,hai_chieu,12,26,7,0.3,nhan,0.15,1.0,False,3,0.0,0.0,100.0,-4.937,2.75,0.91,154,0.0,-13.647,7.48,147,-430.22,-8.534,0,,-8.711,4.73,-4.55,LECH,"{""bien_cap"": 3, ""buoc"": 12, ""buoc_tran"": 400.0, ""cap_moi_bar"": 999, ""che_do"": ""hai_chieu"", ""cho_lui"": 0.0, ""chot_tien"": 0.0, ""don_bay"": 100.0, ""dung_lo_tong"": 0.0, ""he_so_buoc"": 1.0, ""he_so_lot"": 0.15, ""kieu_lot"": ""nhan"", ""lot"": 0.3, ""muc_stopout"": 0.5, ""tia_lenh"": false, ""tp"": 26, ""tran_tang"": 7}"
NZDCAD,M30,2019.03.01,2019.08.31,184,0,100.0,10000.0,hai_chieu,30,8,5,0.04,nhan,0.25,1.0,True,5,0.0,0.0,100.0,-4.119,2.22,0.68,264,0.0,-0.578,0.997,261,-62.65,-1.243,1,,3.541,-1.224,-1.14,LECH,"{""bien_cap"": 5, ""buoc"": 30, ""buoc_tran"": 400.0, ""cap_moi_bar"": 999, ""che_do"": ""hai_chieu"", ""cho_lui"": 0.0, ""chot_tien"": 0.0, ""don_bay"": 100.0, ""dung_lo_tong"": 0.0, ""he_so_buoc"": 1.0, ""he_so_lot"": 0.25, ""kieu_lot"": ""nhan"", ""lot"": 0.04, ""muc_stopout"": 0.5, ""tia_lenh"": true, ""tp"": 8, ""tran_tang"": 5}"
NZDCAD,M30,2019.03.01,2019.08.31,184,0,100.0,10000.0,hai_chieu,60,6,7,0.3,nhan,0.4,1.0,False,3,0.0,0.0,100.0,-31.601,16.77,0.63,252,0.0,-44.879,23.301,236,-524.2,-10.399,0,,-13.278,6.531,-6.35,LECH,"{""bien_cap"": 3, ""buoc"": 60, ""buoc_tran"": 400.0, ""cap_moi_bar"": 999, ""che_do"": ""hai_chieu"", ""cho_lui"": 0.0, ""chot_tien"": 0.0, ""don_bay"": 100.0, ""dung_lo_tong"": 0.0, ""he_so_buoc"": 1.0, ""he_so_lot"": 0.4, ""kieu_lot"": ""nhan"", ""lot"": 0.3, ""muc_stopout"": 0.5, ""tia_lenh"": false, ""tp"": 6, ""tran_tang"": 7}"
NZDCAD,M30,2019.03.01,2019.08.31,184,0,100.0,10000.0,mua,80,20,10,0.08,nhan,0.5,1.0,False,6,0.0,0.0,100.0,-17.998,11.46,0.16,27,0.0,-17.061,10.71,28,-65.34,-1.296,1,,0.938,-0.75,3.7,KHOP,"{""bien_cap"": 6, ""buoc"": 80, ""buoc_tran"": 400.0, ""cap_moi_bar"": 999, ""che_do"": ""mua"", ""cho_lui"": 0.0, ""chot_tien"": 0.0, ""don_bay"": 100.0, ""dung_lo_tong"": 0.0, ""he_so_buoc"": 1.0, ""he_so_lot"": 0.5, ""kieu_lot"": ""nhan"", ""lot"": 0.08, ""muc_stopout"": 0.5, ""tia_lenh"": false, ""tp"": 20, ""tran_tang"": 10}"
NZDCAD,M30,2019.03.01,2019.08.31,184,0,100.0,10000.0,mua,8,6,6,0.3,nhan,0.4,1.0,True,6,0.0,0.0,100.0,-52.907,33.39,0.24,142,0.0,-51.08,33.656,166,-218.72,-4.339,1,,1.827,0.266,16.9,LECH,"{""bien_cap"": 6, ""buoc"": 8, ""buoc_tran"": 400.0, ""cap_moi_bar"": 999, ""che_do"": ""mua"", ""cho_lui"": 0.0, ""chot_tien"": 0.0, ""don_bay"": 100.0, ""dung_lo_tong"": 0.0, ""he_so_buoc"": 1.0, ""he_so_lot"": 0.4, ""kieu_lot"": ""nhan"", ""lot"": 0.3, ""muc_stopout"": 0.5, ""tia_lenh"": true, ""tp"": 6, ""tran_tang"": 6}"
NZDCAD,M30,2019.03.01,2019.08.31,184,0,100.0,10000.0,hai_chieu,12,8,12,0.08,nhan,0.4,1.0,False,4,0.0,0.0,100.0,-9.98,5.42,0.7,474,0.0,-8.854,4.561,393,-158.25,-3.139,1,,1.126,-0.859,-17.09,LECH,"{""bien_cap"": 4, ""buoc"": 12, ""buoc_tran"": 400.0, ""cap_moi_bar"": 999, ""che_do"": ""hai_chieu"", ""cho_lui"": 0.0, ""chot_tien"": 0.0, ""don_bay"": 100.0, ""dung_lo_tong"": 0.0, ""he_so_buoc"": 1.0, ""he_so_lot"": 0.4, ""kieu_lot"": ""nhan"", ""lot"": 0.08, ""muc_stopout"": 0.5, ""tia_lenh"": false, ""tp"": 8, ""tran_tang"": 12}"
NZDCAD,M30,2019.03.01,2019.08.31,184,0,100.0,10000.0,ban,20,8,10,0.3,nhan,0.5,1.0,False,4,0.0,0.0,100.0,36.99,14.52,3.39,240,0.0,29.968,14.697,256,-408.61,-8.106,0,0.81,-7.022,0.177,6.67,LECH,"{""bien_cap"": 4, ""buoc"": 20, ""buoc_tran"": 400.0, ""cap_moi_bar"": 999, ""che_do"": ""ban"", ""cho_lui"": 0.0, ""chot_tien"": 0.0, ""don_bay"": 100.0, ""dung_lo_tong"": 0.0, ""he_so_buoc"": 1.0, ""he_so_lot"": 0.5, ""kieu_lot"": ""nhan"", ""lot"": 0.3, ""muc_stopout"": 0.5, ""tia_lenh"": false, ""tp"": 8, ""tran_tang"": 10}"
NZDCAD,M30,2019.03.01,2019.08.31,184,0,100.0,10000.0,hai_chieu,12,34,5,0.04,nhan,0.25,1.0,True,5,0.0,0.0,100.0,-2.307,1.26,0.81,251,0.0,-1.655,0.96,216,-62.82,-1.246,1,,0.652,-0.3,-13.94,KHOP,"{""bien_cap"": 5, ""buoc"": 12, ""buoc_tran"": 400.0, ""cap_moi_bar"": 999, ""che_do"": ""hai_chieu"", ""cho_lui"": 0.0, ""chot_tien"": 0.0, ""don_bay"": 100.0, ""dung_lo_tong"": 0.0, ""he_so_buoc"": 1.0, ""he_so_lot"": 0.25, ""kieu_lot"": ""nhan"", ""lot"": 0.04, ""muc_stopout"": 0.5, ""tia_lenh"": true, ""tp"": 34, ""tran_tang"": 5}"
NZDCAD,M5,2019.03.01,2019.08.31,184,0,100.0,10000.0,ban,20,13,6,0.04,nhan,0.5,1.0,False,5,0.0,0.0,100.0,7.192,2.22,4.87,180,0.0,5.102,1.898,167,-55.72,-1.105,0,0.709,-2.09,-0.322,-7.22,LECH,"{""bien_cap"": 5, ""buoc"": 20, ""buoc_tran"": 400.0, ""cap_moi_bar"": 999, ""che_do"": ""ban"", ""cho_lui"": 0.0, ""chot_tien"": 0.0, ""don_bay"": 100.0, ""dung_lo_tong"": 0.0, ""he_so_buoc"": 1.0, ""he_so_lot"": 0.5, ""kieu_lot"": ""nhan"", ""lot"": 0.04, ""muc_stopout"": 0.5, ""tia_lenh"": false, ""tp"": 13, ""tran_tang"": 6}"
NZDCAD,M5,2019.03.01,2019.08.31,184,0,100.0,10000.0,hai_chieu,20,34,8,0.5,nhan,0.25,1.0,False,5,0.0,0.0,100.0,-3.645,3.57,0.96,112,0.0,-20.618,11.442,108,-801.83,-15.906,0,,-16.973,7.872,-3.57,LECH,"{""bien_cap"": 5, ""buoc"": 20, ""buoc_tran"": 400.0, ""cap_moi_bar"": 999, ""che_do"": ""hai_chieu"", ""cho_lui"": 0.0, ""chot_tien"": 0.0, ""don_bay"": 100.0, ""dung_lo_tong"": 0.0, ""he_so_buoc"": 1.0, ""he_so_lot"": 0.25, ""kieu_lot"": ""nhan"", ""lot"": 0.5, ""muc_stopout"": 0.5, ""tia_lenh"": false, ""tp"": 34, ""tran_tang"": 8}"
NZDCAD,M5,2019.03.01,2019.08.31,184,0,100.0,10000.0,hai_chieu,8,13,10,0.3,nhan,0.25,1.0,True,5,0.0,0.0,100.0,-20.645,10.76,0.68,375,0.0,-14.746,7.665,396,-483.02,-9.582,1,,5.899,-3.095,5.6,LECH,"{""bien_cap"": 5, ""buoc"": 8, ""buoc_tran"": 400.0, ""cap_moi_bar"": 999, ""che_do"": ""hai_chieu"", ""cho_lui"": 0.0, ""chot_tien"": 0.0, ""don_bay"": 100.0, ""dung_lo_tong"": 0.0, ""he_so_buoc"": 1.0, ""he_so_lot"": 0.25, ""kieu_lot"": ""nhan"", ""lot"": 0.3, ""muc_stopout"": 0.5, ""tia_lenh"": true, ""tp"": 13, ""tran_tang"": 10}"
NZDCAD,M5,2019.03.01,2019.08.31,184,0,100.0,10000.0,mua,16,34,8,0.08,nhan,0.4,1.0,True,4,0.0,0.0,100.0,-17.375,11.39,0.22,51,0.0,-13.759,9.491,58,-57.3,-1.137,1,,3.616,-1.899,13.73,LECH,"{""bien_cap"": 4, ""buoc"": 16, ""buoc_tran"": 400.0, ""cap_moi_bar"": 999, ""che_do"": ""mua"", ""cho_lui"": 0.0, ""chot_tien"": 0.0, ""don_bay"": 100.0, ""dung_lo_tong"": 0.0, ""he_so_buoc"": 1.0, ""he_so_lot"": 0.4, ""kieu_lot"": ""nhan"", ""lot"": 0.08, ""muc_stopout"": 0.5, ""tia_lenh"": true, ""tp"": 34, ""tran_tang"": 8}"
NZDCAD,M5,2019.03.01,2019.08.31,184,0,100.0,10000.0,ban,16,6,7,0.5,nhan,0.4,1.0,True,4,0.0,0.0,100.0,36.623,20.23,2.73,266,0.0,54.026,21.279,340,-612.04,-12.141,1,1.475,17.403,1.049,27.82,LECH,"{""bien_cap"": 4, ""buoc"": 16, ""buoc_tran"": 400.0, ""cap_moi_bar"": 999, ""che_do"": ""ban"", ""cho_lui"": 0.0, ""chot_tien"": 0.0, ""don_bay"": 100.0, ""dung_lo_tong"": 0.0, ""he_so_buoc"": 1.0, ""he_so_lot"": 0.4, ""kieu_lot"": ""nhan"", ""lot"": 0.5, ""muc_stopout"": 0.5, ""tia_lenh"": true, ""tp"": 6, ""tran_tang"": 7}"
NZDCAD,M5,2019.03.01,2019.08.31,184,0,100.0,10000.0,hai_chieu,12,16,8,0.02,nhan,0.25,1.0,True,5,0.0,0.0,100.0,-4.35,2.4,0.69,423,0.0,-0.833,0.433,275,-32.15,-0.638,1,,3.517,-1.967,-34.99,LECH,"{""bien_cap"": 5, ""buoc"": 12, ""buoc_tran"": 400.0, ""cap_moi_bar"": 999, ""che_do"": ""hai_chieu"", ""cho_lui"": 0.0, ""chot_tien"": 0.0, ""don_bay"": 100.0, ""dung_lo_tong"": 0.0, ""he_so_buoc"": 1.0, ""he_so_lot"": 0.25, ""kieu_lot"": ""nhan"", ""lot"": 0.02, ""muc_stopout"": 0.5, ""tia_lenh"": true, ""tp"": 16, ""tran_tang"": 8}"
