id,kieu,song_ngay,dd_cong_bo_pct,tang_truong_pct,so_lenh,ma_chinh_da_sua,ty_le_lenh_ma_chinh,6_ma_dau_(ma:so_lenh),nhan_symbol_cu_dung,ly_do_phan_loai
762818,khong_ro,2289,6.2,139.71,2878.0,USDJPY,0.301,USDJPY:880;BTCUSD:553;XAUUSD:530;EURUSD:465;GBPUSD:361;USTEC:133,1,khong khop luat nao
884935,luoi_dca,2093,28.03,766.32,2013.0,CADJPY,0.118,CADJPY:101;EURCAD:98;EURCHF:90;GBPUSD:89;USDCAD:89;EURGBP:84,0,nhoi_khi_lo=0.375 bac_tai=4.0 lo_treo=0.28 thang=76%
956328,luoi_dca,2003,28.6,219.93,7203.0,USDJPY,0.171,USDJPY:984;EURCHF:961;USDCHF:735;EURCAD:545;GBPUSD:536;EURGBP:515,0,nhoi_khi_lo=0.496 bac_tai=2.0 lo_treo=0.29 thang=69%
1059619,luoi_dca,1753,46.67,1232.16,5691.0,NZDCAD,0.31,NZDCAD:1771;AUDCAD:1729;AUDNZD:1448;NZDUSD:182;AUDUSD:173;USDCAD:157,0,nhoi_khi_lo=0.621 bac_tai=4.0 lo_treo=0.47 thang=68%
1502590,luoi_dca,1591,30.11,235.28,2477.0,GBPAUD,0.218,GBPAUD:516;EURAUD:428;AUDCAD:322;EURCAD:278;GBPCHF:197;AUDUSD:153,0,nhoi_khi_lo=0.321 bac_tai=2.0 lo_treo=0.30 thang=89%
1521998,khong_ro,1577,7.73,2582.62,2037.0,BTCUSD,0.785,BTCUSD:1613;ETHUSD:438;GBPUSD:1;XAUUSD:1;AUDNZD:1;NZDCAD:1,0,khong khop luat nao
1560883,luoi_dca,1548,32.86,811.54,2508.0,GBPCAD,0.284,GBPCAD:656;GBPAUD:442;EURSGD:332;EURAUD:197;GBPUSD:176;EURCAD:124,0,nhoi_khi_lo=0.428 bac_tai=1.0 lo_treo=0.33 thang=73%
1627034,luoi_dca,921,27.7,608.75,9254.0,EURUSD,0.255,EURUSD:2029;AUDCAD:1262;NZDCAD:1251;AUDNZD:965;XAUUSD:740;GBPUSD:448,0,nhoi_khi_lo=0.628 bac_tai=2.0 lo_treo=0.28 thang=75%
1725090,luoi_dca,1437,30.29,446.97,1654.0,US500,1.0,US500:1689,0,nhoi_khi_lo=0.69 bac_tai=2.0 lo_treo=0.30 thang=89%
1975768,luoi_dca,1186,34.76,142.45,5788.0,AUDCAD,0.174,AUDCAD:920;NZDCAD:904;NZDUSD:752;AUDUSD:673;AUDNZD:571;GBPUSD:381,0,nhoi_khi_lo=0.762 bac_tai=4.0 lo_treo=0.35 thang=69%
1988269,gong_lo,1176,23.16,1029.58,1666.0,XAUUSD,0.999,XAUUSD:1725;AUDCAD:1,1,"cat_sach=1.41 lo_treo=0.23 (giu lo, khong nhoi)"
2023752,luoi_dca,1137,41.57,257.74,2309.0,AUDCAD,1.0,AUDCAD:2337,1,nhoi_khi_lo=0.59 bac_tai=1.0 lo_treo=0.42 thang=80%
2049326,khong_ro,1100,7.88,287.82,930.0,ETHUSD,0.544,ETHUSD:515;BTCUSD:432,1,khong khop luat nao
2084890,khong_ro,1071,12.17,649.41,729.0,XAUUSD,1.0,XAUUSD:749,1,khong khop luat nao
2126101,luoi_dca,1011,44.62,173.39,4745.0,EURUSD,0.396,EURUSD:1887;AUDCAD:1795;AUDUSD:1086,0,nhoi_khi_lo=0.906 bac_tai=1.0 lo_treo=0.45 thang=70%
2184802,luoi_dca,963,40.99,164.81,1981.0,AUDCAD,0.379,AUDCAD:762;NZDCAD:676;AUDNZD:523;US30:51,1,nhoi_khi_lo=0.847 bac_tai=7.0 lo_treo=0.41 thang=64%
2191769,khong_ro,844,39.7,130.06,229.0,EURUSD,0.427,EURUSD:85;USDJPY:25;GBPUSD:24;USDCHF:13;GBPCAD:11;GBPJPY:10,0,khong khop luat nao
2195619,luoi_dca,940,10.56,229.08,1308.0,XAUUSD,1.0,XAUUSD:1335,1,nhoi_khi_lo=0.083 bac_tai=2.0 lo_treo=0.11 thang=72%
2196457,luoi_dca,939,16.75,888.73,1524.0,XAUUSD,0.999,XAUUSD:1549;USDCHF:2,0,nhoi_khi_lo=-0.194 bac_tai=2.0 lo_treo=0.17 thang=71%
2204755,luoi_dca,921,17.79,950.76,1843.0,GBPUSD,0.413,GBPUSD:766;USDJPY:518;XAUUSD:196;BTCUSD:184;USDCHF:90;EURUSD:83,0,nhoi_khi_lo=0.388 bac_tai=2.0 lo_treo=0.18 thang=66%
2204998,khong_ro,921,9.0,953.77,7930.0,XAUUSD,0.382,XAUUSD:2750;USTEC:1062;US500:912;US30:608;BTCUSD:415;GBPAUD:328,0,khong khop luat nao
2220467,luoi_dca,871,31.15,214.24,3981.0,GBPUSD,0.316,GBPUSD:1286;EURUSD:1081;AUDCAD:950;AUDNZD:753,0,nhoi_khi_lo=0.828 bac_tai=2.0 lo_treo=0.31 thang=76%
2222743,khong_ro,857,11.78,3171.61,5342.0,XAUUSD,0.455,XAUUSD:2574;US30:1496;USTEC:1046;BTCUSD:401;XAUEUR:87;EURUSD:22,1,khong khop luat nao
2231030,luoi_dca,826,33.7,1418.17,1095.0,XAUUSD,1.0,XAUUSD:1150,1,nhoi_khi_lo=0.392 bac_tai=1.0 lo_treo=0.34 thang=83%
2236750,luoi_dca,810,33.15,155.96,1679.0,NVDA,0.165,NVDA:169;TSLA:165;META:115;WFC:99;AAPL:88;GOOGL:88,0,nhoi_khi_lo=0.634 bac_tai=104.0 lo_treo=0.33 thang=77%
2242661,khong_ro,777,34.83,129.52,160.0,EURUSD,0.438,EURUSD:70;USDJPY:31;GBPUSD:18;EURCAD:9;GBPJPY:8;USDCAD:6,0,khong khop luat nao
2244502,xu_huong,778,11.91,226.42,836.0,BTCUSD,0.188,BTCUSD:159;ETHUSD:150;USDJPY:128;GBPJPY:113;JP225:91;USTEC:74,0,giu=4320 phut cat_sach=0.46
2245675,khong_ro,771,2.95,432.77,700.0,USDJPY,1.0,USDJPY:721,1,khong khop luat nao
2246636,khong_ro,766,3.71,95.69,2061.0,BTCUSD,0.419,BTCUSD:962;XAUUSD:802;USTEC:221;US500:101;USDJPY:69;US30:69,0,khong khop luat nao
2251544,luoi_dca,745,20.65,115.8,1707.0,EURUSD,0.972,EURUSD:1715;XAUUSD:50,1,nhoi_khi_lo=0.41 bac_tai=2.0 lo_treo=0.21 thang=66%
2251746,khong_ro,738,6.26,156.14,268.0,XAUUSD,1.0,XAUUSD:273,1,khong khop luat nao
