id,kieu,ly_do_phan_loai,song_ngay,song_2_nam_tang_duong_dd_duoi_80,so_lenh,lenh_moi_tuan,giu_phut,thang_pct,pf,sharpe,tai_dinh_pct,dd_cong_bo_pct,tang_truong_pct,nhoi_khi_lo,bac_tai,lo_treo_dinh,cat_sach,tai_deu,tai_trung_vi_pct,lech_trai,so_diem_tai
762818,khong_ro,khong khop luat nao,2289.4,1,2878.0,10.0,780.0,50.17,1.07,0.04,40.25,6.2,139.71,0.0475,1.0,0.062,0.767,0.941,3.12,-0.1705,3279
884935,luoi_dca,nhoi_khi_lo=0.375 bac_tai=4.0 lo_treo=0.28 thang=76%,2093.0,1,2013.0,18.0,2880.0,76.4,1.46,0.16,45.16,28.03,766.32,0.3748,4.0,0.2803,2.591,0.759,6.17,-1.7073,1882
956328,luoi_dca,nhoi_khi_lo=0.496 bac_tai=2.0 lo_treo=0.29 thang=69%,2003.0,1,7203.0,5.0,900.0,68.87,1.05,0.04,44.72,28.6,219.93,0.4962,2.0,0.286,1.845,1.265,2.03,-1.4666,7511
1059619,luoi_dca,nhoi_khi_lo=0.621 bac_tai=4.0 lo_treo=0.47 thang=68%,1753.0,1,5691.0,15.0,2880.0,68.12,1.53,0.11,29.02,46.67,1232.16,0.6214,4.0,0.4667,0.974,1.372,0.87,-3.0881,5425
1502590,luoi_dca,nhoi_khi_lo=0.321 bac_tai=2.0 lo_treo=0.30 thang=89%,1590.6,1,2477.0,3.0,240.0,88.85,1.25,0.06,21.43,30.11,235.28,0.3207,2.0,0.3011,3.036,0.585,4.305,-2.8704,2956
1521998,khong_ro,khong khop luat nao,1577.0,1,2037.0,10.0,1320.0,46.98,1.22,0.11,100.16,7.73,2582.62,-0.137,3.0,0.0773,0.82,0.95,9.705,0.9615,2696
1560883,luoi_dca,nhoi_khi_lo=0.428 bac_tai=1.0 lo_treo=0.33 thang=73%,1547.6,1,2508.0,3.0,60.0,73.4,1.7,0.23,19.64,32.86,811.54,0.4284,1.0,0.3286,2.152,0.783,1.96,0.0752,2179
1627034,luoi_dca,nhoi_khi_lo=0.628 bac_tai=2.0 lo_treo=0.28 thang=75%,921.1,1,9254.0,62.0,1440.0,75.09,1.25,0.06,6.27,27.7,608.75,0.6283,2.0,0.277,1.099,1.192,0.27,6.8122,3719
1725090,luoi_dca,nhoi_khi_lo=0.69 bac_tai=2.0 lo_treo=0.30 thang=89%,1437.1,1,1654.0,11.0,2880.0,88.51,2.49,0.18,6.39,30.29,446.97,0.69,2.0,0.3029,1.514,0.829,0.76,-0.6674,2071
1975768,luoi_dca,nhoi_khi_lo=0.762 bac_tai=4.0 lo_treo=0.35 thang=69%,1186.0,1,5788.0,12.0,4320.0,69.36,1.57,0.17,7.53,34.76,142.45,0.7616,4.0,0.3476,1.109,1.006,0.62,-0.4448,5495
1988269,gong_lo,"cat_sach=1.41 lo_treo=0.23 (giu lo, khong nhoi)",1176.1,1,1666.0,5.0,120.0,79.65,1.78,0.17,14.84,23.16,1029.58,0.2687,1.0,0.2316,1.409,0.927,1.27,-2.0959,958
2023752,luoi_dca,nhoi_khi_lo=0.59 bac_tai=1.0 lo_treo=0.42 thang=80%,1136.8,1,2309.0,8.0,1020.0,80.03,1.9,0.2,11.89,41.57,257.74,0.5904,1.0,0.4157,1.681,1.102,0.43,-0.2787,2470
2049326,khong_ro,khong khop luat nao,1099.6,1,930.0,10.0,360.0,58.49,1.43,0.18,4.13,7.88,287.82,-0.1146,3.0,0.0788,0.974,0.83,0.56,-0.2341,1163
2084890,khong_ro,khong khop luat nao,1071.2,1,729.0,3.0,600.0,58.16,1.6,0.18,9.5,12.17,649.41,-0.0615,2.0,0.1217,0.421,0.86,1.33,1.0434,761
2126101,luoi_dca,nhoi_khi_lo=0.906 bac_tai=1.0 lo_treo=0.45 thang=70%,1011.0,1,4745.0,8.0,1440.0,69.58,1.56,0.14,30.29,44.62,173.39,0.9058,1.0,0.4462,1.541,1.656,0.42,3.2026,5576
2184802,luoi_dca,nhoi_khi_lo=0.847 bac_tai=7.0 lo_treo=0.41 thang=64%,962.6,1,1981.0,11.0,4320.0,64.31,1.66,0.14,20.83,40.99,164.81,0.8468,7.0,0.4099,1.193,1.5,0.39,2.379,2560
2191769,khong_ro,khong khop luat nao,843.9,1,229.0,4.0,780.0,24.45,1.1,0.08,17.25,39.7,130.06,0.2943,1.0,0.397,1.032,0.664,2.675,3.8425,456
2195619,luoi_dca,nhoi_khi_lo=0.083 bac_tai=2.0 lo_treo=0.11 thang=72%,939.9,1,1308.0,5.0,420.0,72.09,1.78,0.14,10.62,10.56,229.08,0.0832,2.0,0.1056,0.363,0.999,0.76,-0.7188,1117
2196457,luoi_dca,nhoi_khi_lo=-0.194 bac_tai=2.0 lo_treo=0.17 thang=71%,938.9,1,1524.0,7.0,360.0,71.06,1.89,0.13,35.62,16.75,888.73,-0.1939,2.0,0.1675,0.394,1.156,2.21,0.8787,1182
2204755,luoi_dca,nhoi_khi_lo=0.388 bac_tai=2.0 lo_treo=0.18 thang=66%,920.6,1,1843.0,3.0,480.0,65.76,1.38,0.05,95.73,17.79,950.76,0.388,2.0,0.1779,1.308,1.868,2.56,3.1383,2407
2204998,khong_ro,khong khop luat nao,921.3,1,7930.0,61.0,960.0,62.13,1.19,0.04,8.17,9.0,953.77,0.0587,2.0,0.09,1.18,0.875,0.78,12.7052,8893
2220467,luoi_dca,nhoi_khi_lo=0.828 bac_tai=2.0 lo_treo=0.31 thang=76%,870.9,1,3981.0,31.0,1440.0,76.48,1.52,0.04,21.02,31.15,214.24,0.8278,2.0,0.3115,1.837,2.018,0.19,-0.7143,4454
2222743,khong_ro,khong khop luat nao,856.9,1,5342.0,64.0,180.0,39.66,1.31,0.07,23.23,11.78,3171.61,-0.222,2.0,0.1178,0.499,2.234,0.31,4.6585,6025
2231030,luoi_dca,nhoi_khi_lo=0.392 bac_tai=1.0 lo_treo=0.34 thang=83%,826.0,1,1095.0,10.0,60.0,82.64,3.25,0.29,24.82,33.7,1418.17,0.3916,1.0,0.337,1.183,0.963,1.53,1.2284,638
2234595,luoi_dca,nhoi_khi_lo=0.421 bac_tai=1.0 lo_treo=0.31 thang=77%,353.8,0,1510.0,14.0,60.0,77.35,2.63,0.2,40.11,31.0,4963.26,0.4212,1.0,0.31,1.226,1.026,1.93,2.9453,566
2236750,luoi_dca,nhoi_khi_lo=0.634 bac_tai=104.0 lo_treo=0.33 thang=77%,809.6,1,1679.0,11.0,28800.0,77.3,2.87,0.21,81.07,33.15,155.96,0.6341,104.0,0.3315,1.296,0.569,18.17,6.5359,1037
2242661,khong_ro,khong khop luat nao,776.9,1,160.0,3.0,840.0,24.37,1.89,0.15,87.43,34.83,129.52,-0.1398,1.0,0.3483,0.882,1.706,2.98,3.5899,403
2244502,xu_huong,giu=4320 phut cat_sach=0.46,777.9,1,836.0,5.0,4320.0,44.01,1.18,0.05,17.07,11.91,226.42,-0.0571,5.5,0.1191,0.461,0.825,1.5,11.3486,1512
2245675,khong_ro,khong khop luat nao,771.4,1,700.0,6.0,480.0,44.85,1.28,0.12,38.55,2.95,432.77,0.2584,1.0,0.0295,0.661,1.083,4.22,2.7411,459
2246636,khong_ro,khong khop luat nao,765.9,1,2061.0,60.0,420.0,47.59,1.1,0.05,12.21,3.71,95.69,-0.0836,1.0,0.0371,0.836,1.241,0.56,1.0958,2664
2251544,luoi_dca,nhoi_khi_lo=0.41 bac_tai=2.0 lo_treo=0.21 thang=66%,744.5,1,1707.0,22.0,1440.0,66.49,1.07,0.04,15.09,20.65,115.8,0.4098,2.0,0.2065,0.884,1.375,0.36,-3.6974,1700
2251746,khong_ro,khong khop luat nao,737.5,1,268.0,1.0,480.0,50.37,1.24,0.13,7.43,6.26,156.14,0.0688,1.0,0.0626,0.829,0.435,2.77,0.0103,310
2254640,xu_huong,giu=2880 phut cat_sach=0.84,725.6,0,359.0,6.0,2880.0,45.12,1.21,0.11,11.48,4.44,108.49,0.0431,2.0,0.0444,0.845,0.817,0.64,0.3975,767
2256697,luoi_dca,nhoi_khi_lo=0.422 bac_tai=1.0 lo_treo=0.13 thang=66%,722.8,0,278.0,1.0,2880.0,66.18,1.29,0.11,99.95,12.65,58.6,0.4216,1.0,0.1265,0.98,0.911,10.83,-1.1577,624
2257028,scalp,giu=120 phut cat_sach=0.45,718.0,0,739.0,6.0,120.0,47.22,1.32,0.07,22.71,9.66,116.5,0.0791,1.0,0.0966,0.452,2.405,0.22,0.197,498
2262642,luoi_dca,nhoi_khi_lo=0.781 bac_tai=1.0 lo_treo=0.21 thang=64%,688.3,0,5864.0,10.0,1440.0,63.93,1.7,0.15,10.03,20.63,2094.92,0.7813,1.0,0.2063,1.335,0.93,0.86,-2.2371,1171
2263922,luoi_dca,nhoi_khi_lo=0.275 bac_tai=9.5 lo_treo=0.36 thang=79%,688.3,0,3699.0,6.0,8640.0,79.04,1.59,0.09,13.04,35.53,228.88,0.2746,9.5,0.3553,1.312,0.972,0.76,1.5823,2588
2265877,khong_ro,khong khop luat nao,675.4,0,855.0,7.0,240.0,72.16,2.32,0.23,4.77,7.18,301.34,0.0349,2.0,0.0718,0.298,0.802,0.715,1.2907,796
2265943,khong_ro,khong khop luat nao,682.1,0,1109.0,10.0,1140.0,47.61,1.28,0.1,17.32,24.4,858.75,0.0052,1.0,0.244,0.622,0.645,2.88,2.5389,1041
2268766,khong_ro,khong khop luat nao,665.7,0,6800.0,75.0,300.0,51.67,1.3,0.07,12.23,6.5,777.18,-0.1408,2.0,0.065,0.739,0.842,1.23,1.8531,7063
2269966,scalp,giu=12 phut cat_sach=0.62,661.9,0,413.0,4.0,12.0,75.3,1.35,0.14,17.03,18.3,1466.61,-0.0873,1.0,0.183,0.623,0.206,11.26,-0.3912,147
2270349,luoi_dca,nhoi_khi_lo=0.491 bac_tai=1.0 lo_treo=0.42 thang=74%,662.1,0,1021.0,75.0,420.0,74.14,1.3,0.1,39.8,41.88,253.36,0.4912,1.0,0.4188,1.359,1.543,1.26,-0.5607,1063
2271402,luoi_dca,nhoi_khi_lo=0.701 bac_tai=1.0 lo_treo=0.26 thang=74%,652.2,0,1858.0,10.0,2880.0,73.95,1.87,0.21,36.38,25.99,6318.56,0.7005,1.0,0.2599,1.261,2.703,0.23,1.4306,1397
2271995,khong_ro,khong khop luat nao,246.3,0,1916.0,17.0,420.0,41.96,1.17,0.05,10.55,8.96,339.23,-0.0504,4.0,0.0896,0.5,0.722,1.495,1.274,1218
2273131,khong_ro,khong khop luat nao,648.4,0,2143.0,23.0,1020.0,48.9,1.3,0.07,4.24,7.82,209.47,-0.3103,3.0,0.0782,0.973,0.939,0.5,1.3529,2502
2278523,xu_huong,giu=2880 phut cat_sach=0.55,620.5,0,375.0,5.0,2880.0,44.53,1.46,0.12,30.28,4.22,132.54,-0.1442,2.0,0.0422,0.553,0.808,2.5,1.551,702
2280569,luoi_dca,nhoi_khi_lo=0.647 bac_tai=2.0 lo_treo=0.46 thang=80%,609.0,0,2167.0,22.0,2880.0,79.97,3.7,0.28,23.9,45.83,3350.74,0.6471,2.0,0.4583,0.678,1.376,0.8,3.0587,2209
2280709,luoi_dca,nhoi_khi_lo=0.373 bac_tai=1.0 lo_treo=0.11 thang=69%,605.1,0,5933.0,3.0,540.0,69.25,1.26,0.1,18.12,11.23,150.53,0.3733,1.0,0.1123,1.712,1.068,1.23,0.1166,1223
2280965,luoi_dca,nhoi_khi_lo=0.838 bac_tai=2.0 lo_treo=0.44 thang=85%,605.7,0,779.0,5.0,2880.0,84.59,2.12,0.18,8.66,44.23,73.78,0.8381,2.0,0.4423,1.837,1.181,0.63,0.2158,1051
2283635,scalp,giu=60 phut cat_sach=1.00,592.1,0,1627.0,22.0,60.0,49.84,1.14,0.05,12.77,28.02,299.94,0.0379,1.0,0.2802,1.0,0.594,2.42,0.861,1337
2284326,khong_ro,khong khop luat nao,590.2,0,402.0,5.0,360.0,51.99,1.4,0.14,6.4,8.41,121.64,-0.1661,1.0,0.0841,0.418,0.664,1.27,0.8475,494
2285389,luoi_dca,nhoi_khi_lo=0.543 bac_tai=1.0 lo_treo=0.53 thang=70%,583.9,0,1650.0,21.0,33.0,70.3,1.35,0.06,77.88,53.08,347.21,0.5431,1.0,0.5308,1.538,0.953,3.67,-6.8976,706
2287007,khong_ro,khong khop luat nao,577.3,0,2754.0,19.0,180.0,64.01,1.56,0.11,52.99,39.1,32339.38,-0.0691,1.0,0.391,0.721,1.186,3.68,0.4618,2415
2287270,luoi_dca,nhoi_khi_lo=0.557 bac_tai=2.0 lo_treo=0.52 thang=80%,576.8,0,785.0,11.0,2880.0,80.25,2.2,0.17,14.38,52.35,309.99,0.5574,2.0,0.5235,1.169,1.152,0.94,-0.3412,856
2292103,xu_huong,giu=8640 phut cat_sach=0.80,555.3,0,752.0,17.0,8640.0,66.09,2.08,0.12,108.96,47.42,232.06,,,0.4742,0.801,,,2.7962,
2292732,luoi_dca,nhoi_khi_lo=0.854 bac_tai=3.5 lo_treo=0.23 thang=79%,549.6,0,376.0,10.0,11520.0,78.72,2.46,0.3,8.43,23.48,67.67,0.8539,3.5,0.2348,1.68,0.638,2.7,-0.9711,847
2294444,scalp,giu=60 phut cat_sach=0.45,542.6,0,231.0,2.0,60.0,63.63,1.48,0.14,4.39,10.3,106.63,0.01,1.0,0.103,0.449,0.635,3.15,-1.047,145
2296097,xu_huong,giu=4320 phut cat_sach=0.68,537.8,0,741.0,57.0,4320.0,35.49,1.39,0.07,42.55,5.98,132.64,-0.1841,1.0,0.0598,0.679,1.133,1.655,2.0101,872
2299696,scalp,giu=60 phut cat_sach=0.41,519.6,0,1718.0,21.0,60.0,42.08,1.31,0.12,34.63,16.49,2623.42,-0.1738,1.0,0.1649,0.405,1.464,0.91,4.4424,1303
2300694,luoi_dca,nhoi_khi_lo=0.789 bac_tai=4.0 lo_treo=0.15 thang=73%,239.5,0,1859.0,16.0,2880.0,73.26,1.96,0.09,37.49,15.26,2079.28,0.7893,4.0,0.1526,1.189,1.106,0.49,4.2145,709
2304149,luoi_dca,nhoi_khi_lo=0.372 bac_tai=1.0 lo_treo=0.22 thang=68%,500.5,0,1838.0,3.0,60.0,68.11,1.39,0.11,23.03,22.36,179.79,0.3718,1.0,0.2236,1.666,0.794,2.45,-0.2453,715
2304847,khong_ro,khong khop luat nao,498.5,0,2973.0,8.0,60.0,76.89,1.9,0.1,30.03,34.49,20908.93,0.1301,1.0,0.3449,1.175,1.022,1.54,0.4145,1857
2305944,luoi_dca,nhoi_khi_lo=0.847 bac_tai=1.0 lo_treo=0.43 thang=68%,492.4,0,823.0,10.0,4320.0,67.67,1.48,0.13,14.5,42.63,55.64,0.8471,1.0,0.4263,1.475,1.068,1.33,-1.5265,1176
2307285,khong_ro,khong khop luat nao,487.6,0,2528.0,10.0,1260.0,42.28,1.06,0.02,41.93,11.14,57.62,-0.1323,1.0,0.1114,0.557,1.114,1.43,1.0007,3312
2307342,gong_lo,"cat_sach=1.34 lo_treo=0.14 (giu lo, khong nhoi)",486.8,0,4561.0,43.0,56.0,69.34,1.3,0.05,30.13,13.77,881.1,-0.0156,1.0,0.1377,1.336,1.184,2.035,-0.8257,1300
2308091,luoi_dca,nhoi_khi_lo=0.737 bac_tai=1.0 lo_treo=0.19 thang=80%,483.3,0,512.0,6.0,1380.0,80.27,2.25,0.29,11.03,18.92,90.0,0.7371,1.0,0.1892,1.447,0.855,1.67,-0.6687,670
2308095,luoi_dca,nhoi_khi_lo=0.823 bac_tai=1.0 lo_treo=0.32 thang=71%,483.3,0,577.0,12.0,2880.0,71.05,2.02,0.26,18.45,31.53,103.9,0.823,1.0,0.3153,1.258,0.993,1.77,0.3689,840
2309299,luoi_dca,nhoi_khi_lo=0.768 bac_tai=1.0 lo_treo=0.19 thang=74%,478.7,0,920.0,4.0,2880.0,74.45,1.71,0.12,4.92,18.94,58.21,0.7684,1.0,0.1894,1.201,1.728,0.16,2.5045,692
2309300,luoi_dca,nhoi_khi_lo=0.818 bac_tai=1.0 lo_treo=0.30 thang=71%,478.7,0,777.0,10.0,4320.0,70.91,1.64,0.11,8.5,29.99,74.17,0.8183,1.0,0.2999,0.932,1.679,0.26,4.0487,679
2309301,luoi_dca,nhoi_khi_lo=0.686 bac_tai=1.0 lo_treo=0.20 thang=74%,206.6,0,239.0,6.0,14400.0,74.05,2.2,0.24,36.71,20.12,178.18,0.6864,1.0,0.2012,0.796,1.376,1.18,2.8082,514
2310627,khong_ro,khong khop luat nao,468.2,0,90.0,0.0,300.0,36.66,1.56,0.17,11.17,3.27,118.52,0.0384,1.0,0.0327,0.565,0.402,4.505,4.3872,276
2311057,luoi_dca,nhoi_khi_lo=0.565 bac_tai=5.5 lo_treo=0.14 thang=80%,459.1,0,1757.0,33.0,2880.0,80.47,1.3,0.14,6.38,14.05,110.27,0.5645,5.5,0.1405,1.894,0.464,1.68,-1.5103,2872
2312683,luoi_dca,nhoi_khi_lo=0.74 bac_tai=2.0 lo_treo=0.25 thang=71%,459.8,0,398.0,14.0,2880.0,71.35,1.57,0.12,83.93,25.06,63.98,0.7398,2.0,0.2506,1.098,0.92,11.11,-2.7464,708
2312752,khong_ro,khong khop luat nao,459.9,0,250.0,2.0,1080.0,59.2,1.25,0.12,4.98,6.72,166.8,0.0881,1.0,0.0672,0.725,0.155,2.33,0.0215,498
2313678,gong_lo,"cat_sach=1.25 lo_treo=0.18 (giu lo, khong nhoi)",455.0,0,481.0,8.0,60.0,86.07,1.03,0.04,30.95,17.99,308.98,-0.0983,1.0,0.1799,1.253,1.603,1.46,-1.4486,229
2313989,gong_lo,"cat_sach=1.59 lo_treo=0.11 (giu lo, khong nhoi)",451.6,0,6954.0,3.0,600.0,69.31,1.3,0.08,10.65,11.12,145.41,0.2221,1.0,0.1112,1.593,0.896,1.33,-1.935,832
2314275,xu_huong,giu=5760 phut cat_sach=0.37,452.4,0,452.0,8.0,5760.0,28.09,1.42,0.09,30.59,1.4,65.24,-0.3437,38.0,0.014,0.373,0.817,6.39,4.7386,1027
2315154,khong_ro,khong khop luat nao,129.2,0,346.0,16.0,300.0,37.57,1.4,0.15,94.48,41.17,222.97,0.2554,1.0,0.0091,0.352,0.095,4.02,2.7402,341
2315819,luoi_dca,nhoi_khi_lo=0.648 bac_tai=2.0 lo_treo=0.30 thang=78%,444.0,0,909.0,22.0,2880.0,78.1,3.13,0.28,10.49,30.22,236.26,0.648,2.0,0.3022,0.719,1.073,0.71,-7.7476,1122
2319272,khong_ro,khong khop luat nao,389.0,0,401.0,3.0,660.0,49.87,1.12,0.06,97.28,9.37,58.06,0.1438,1.0,0.0937,0.952,0.602,28.48,0.9791,558
2319444,xu_huong,giu=1440 phut cat_sach=0.57,416.5,0,653.0,4.0,1440.0,47.16,1.7,0.13,3.13,5.02,481.21,-0.1044,2.0,0.0502,0.575,0.772,0.56,1.5949,761
2320019,scalp,giu=120 phut cat_sach=0.41,420.1,0,1454.0,27.0,120.0,41.33,1.17,0.08,59.27,12.38,431.14,-0.0311,1.0,0.1238,0.412,1.577,2.43,0.9673,1221
2321329,luoi_dca,nhoi_khi_lo=0.847 bac_tai=1.0 lo_treo=0.22 thang=77%,412.9,0,4389.0,20.0,480.0,77.3,1.5,0.08,8.83,22.14,149.54,0.8466,1.0,0.2214,1.367,1.237,0.3,-3.3052,2362
2321785,luoi_dca,nhoi_khi_lo=0.701 bac_tai=176.0 lo_treo=0.44 thang=72%,410.3,0,3548.0,30.0,2880.0,71.98,1.26,0.07,19.22,44.03,123.04,0.7008,176.0,0.4403,1.711,0.617,2.19,-4.8159,4527
2322201,xu_huong,giu=11520 phut cat_sach=0.70,408.4,0,10642.0,19.0,11520.0,49.97,1.04,0.03,3.76,13.59,68.12,0.7686,228.5,0.1359,0.698,0.828,0.39,0.5686,1639
2323328,luoi_dca,nhoi_khi_lo=0.907 bac_tai=2.0 lo_treo=0.29 thang=71%,401.8,0,1554.0,15.0,4320.0,71.17,1.6,0.1,20.71,29.39,143.19,0.9074,2.0,0.2939,1.079,1.321,1.2,1.0984,1001
2323467,luoi_dca,nhoi_khi_lo=0.113 bac_tai=3.0 lo_treo=0.31 thang=64%,398.4,0,1389.0,18.0,1380.0,64.14,1.17,0.04,21.96,41.51,405.98,0.1131,3.0,0.3125,0.87,0.976,0.68,3.8095,1467
2323848,gong_lo,"cat_sach=1.52 lo_treo=0.42 (giu lo, khong nhoi)",399.4,0,1949.0,12.0,1440.0,77.11,1.77,0.08,134.9,41.91,62.9,,,0.4191,1.525,,,2.8861,
2324198,luoi_dca,nhoi_khi_lo=0.3 bac_tai=2.0 lo_treo=0.24 thang=76%,396.7,0,1405.0,39.0,1440.0,75.72,1.82,0.2,28.6,23.93,423.88,0.2997,2.0,0.2393,0.95,1.189,1.85,0.329,1670
2324441,khong_ro,khong khop luat nao,394.8,0,2348.0,46.0,300.0,49.65,1.38,0.09,11.48,7.73,309.52,-0.2,2.0,0.0773,0.689,1.038,1.15,1.2093,2126
2325779,khong_ro,"thieu: nhoi_khi_lo,lo_treo_dinh",,0,18728.0,142.0,420.0,53.05,1.17,0.03,0.0,11.98,868.61,,,,0.883,,,-0.1715,
2326342,luoi_dca,nhoi_khi_lo=0.249 bac_tai=5.0 lo_treo=0.32 thang=81%,385.9,0,1445.0,11.0,4320.0,81.31,1.44,0.12,6.08,31.65,80.71,0.2486,5.0,0.3165,2.299,0.668,1.25,-2.499,778
2326520,khong_ro,"thieu: nhoi_khi_lo,lo_treo_dinh",,0,36103.0,490.0,540.0,54.37,1.13,0.01,0.0,8.89,247.88,,,,0.864,,,-2.0722,
2326895,scalp,giu=120 phut cat_sach=0.65,381.7,0,677.0,4.0,120.0,63.81,1.46,0.09,22.26,22.3,497.24,0.2974,1.0,0.223,0.651,1.806,0.29,5.6757,509
2327733,khong_ro,khong khop luat nao,375.5,0,548.0,3.0,180.0,80.29,1.83,0.25,25.38,27.97,496.21,0.05,1.0,0.2797,1.11,1.153,1.37,-0.6355,487
2328342,luoi_dca,nhoi_khi_lo=0.78 bac_tai=2.0 lo_treo=0.25 thang=72%,373.1,0,815.0,19.0,1440.0,72.14,1.53,0.13,13.97,25.31,142.3,0.7798,2.0,0.2531,1.663,0.951,1.44,-3.7952,1349
2329274,khong_ro,khong khop luat nao,367.5,0,639.0,14.0,240.0,63.69,1.51,0.16,10.0,10.47,121.48,-0.1375,1.0,0.1047,0.496,0.965,1.065,0.1652,552
2329290,gong_lo,"cat_sach=1.26 lo_treo=0.21 (giu lo, khong nhoi)",368.4,0,820.0,32.0,180.0,58.53,1.46,0.12,98.93,21.22,528.08,0.2976,1.0,0.2122,1.262,0.266,52.92,-1.3475,417
2329458,xu_huong,giu=4320 phut cat_sach=0.81,367.7,0,482.0,10.0,4320.0,46.68,1.17,0.09,14.33,8.65,98.98,0.0633,2.5,0.0865,0.813,0.603,4.215,0.1267,1060
2329641,scalp,giu=12 phut cat_sach=0.86,366.4,0,781.0,4.0,12.0,75.92,1.47,0.12,39.68,12.77,494.49,0.0775,1.0,0.1277,0.864,0.829,2.39,1.5376,377
2329710,khong_ro,khong khop luat nao,366.7,0,743.0,11.0,600.0,64.73,1.27,0.11,3.34,8.1,110.69,0.266,2.0,0.081,0.96,0.7,0.55,-0.4163,805
2331356,khong_ro,khong khop luat nao,357.9,0,1013.0,9.0,960.0,53.99,1.19,0.08,8.15,8.56,283.67,0.1929,2.0,0.0856,0.762,0.444,2.89,0.8552,767
2332330,khong_ro,khong khop luat nao,351.7,0,310.0,5.0,540.0,56.77,1.47,0.15,97.51,8.75,132.81,-0.214,1.0,0.0875,0.544,0.553,11.0,1.7005,467
2332536,khong_ro,khong khop luat nao,289.7,0,345.0,20.0,960.0,52.75,1.17,0.06,20.33,35.9,68.23,-0.1969,1.0,0.359,0.835,0.925,1.93,0.6243,620
2332746,luoi_dca,nhoi_khi_lo=0.26 bac_tai=3.0 lo_treo=0.20 thang=68%,350.3,0,3411.0,112.0,1140.0,68.27,1.2,0.07,11.75,20.46,646.25,0.2603,3.0,0.2046,1.486,0.575,2.0,0.1167,4169
2333114,scalp,giu=60 phut cat_sach=0.79,346.2,0,789.0,19.0,60.0,81.24,1.27,0.09,3.37,4.54,115.92,-0.0156,1.0,0.0454,0.786,0.415,1.07,-0.1385,233
2333407,luoi_dca,nhoi_khi_lo=0.702 bac_tai=1.0 lo_treo=0.29 thang=74%,345.3,0,523.0,5.0,1440.0,73.8,2.24,0.26,13.55,29.25,368.14,0.7019,1.0,0.2925,1.208,0.961,1.13,1.9577,749
2334800,gong_lo,"cat_sach=1.85 lo_treo=0.38 (giu lo, khong nhoi)",338.0,0,631.0,25.0,14400.0,83.35,1.86,0.19,102.13,37.58,106.1,,,0.3758,1.846,,,-3.7732,
2334891,khong_ro,khong khop luat nao,336.9,0,1673.0,43.0,960.0,53.61,1.22,0.05,84.24,5.59,60.97,0.1209,2.0,0.0559,0.863,0.648,17.59,1.2146,1239
2334963,gong_lo,"cat_sach=2.12 lo_treo=0.28 (giu lo, khong nhoi)",336.9,0,264.0,3.0,960.0,76.13,2.92,0.27,119.63,27.91,59.55,,,0.2791,2.125,,,0.5528,
2335546,khong_ro,khong khop luat nao,333.3,0,394.0,21.0,1080.0,64.21,1.2,0.07,3.09,21.93,73.54,-0.0128,1.0,0.2193,0.785,0.644,0.56,-0.025,667
2336750,xu_huong,giu=2880 phut cat_sach=0.61,328.9,0,1024.0,1.0,2880.0,57.22,1.43,0.13,73.11,43.71,523.44,0.0968,2.0,0.4371,0.609,0.642,15.92,2.9248,1185
2337490,khong_ro,khong khop luat nao,324.3,0,320.0,5.0,360.0,69.37,1.2,0.11,6.17,16.34,328.72,-0.0429,1.0,0.1634,1.015,0.535,1.3,-0.791,303
2337663,khong_ro,khong khop luat nao,323.9,0,2765.0,30.0,21.0,69.04,1.2,0.07,17.33,28.46,712.91,0.0119,1.0,0.2846,1.141,1.001,1.03,0.4112,1759
2337752,khong_ro,khong khop luat nao,323.7,0,355.0,4.0,300.0,71.83,1.26,0.12,8.83,17.42,301.39,0.1865,1.0,0.1742,0.972,1.023,0.71,-1.4059,282
2338047,khong_ro,khong khop luat nao,322.2,0,2384.0,53.0,60.0,75.33,1.16,0.06,11.59,8.36,79.06,0.0512,1.0,0.0836,1.389,1.067,1.155,-0.5625,1094
2338672,luoi_dca,nhoi_khi_lo=0.674 bac_tai=7.0 lo_treo=0.11 thang=84%,319.4,0,473.0,17.0,4320.0,84.35,2.48,0.28,4.97,11.11,188.24,0.6745,7.0,0.1111,1.687,0.524,1.58,-2.345,996
2339082,khong_ro,khong khop luat nao,317.7,0,282.0,3.0,120.0,95.39,4.42,0.41,10.5,17.52,726.18,0.0322,1.0,0.1752,1.1,0.645,2.72,4.0629,201
2339732,luoi_dca,nhoi_khi_lo=0.507 bac_tai=6.0 lo_treo=0.46 thang=74%,315.0,0,2521.0,51.0,360.0,74.45,1.72,0.17,73.64,45.51,2031.24,0.5067,6.0,0.4551,2.513,0.756,10.88,-0.4689,2937
2340140,scalp,giu=28 phut cat_sach=0.46,311.9,0,433.0,4.0,28.0,66.51,1.25,0.13,23.49,5.7,403.01,0.117,1.0,0.057,0.462,0.47,6.78,1.7134,287
2340187,khong_ro,khong khop luat nao,311.8,0,1921.0,8.0,660.0,54.71,1.77,0.13,20.41,6.33,570.49,-0.2314,2.0,0.0633,0.618,1.267,0.905,5.7066,2016
2340546,khong_ro,khong khop luat nao,253.2,0,4548.0,68.0,720.0,48.3,1.1,0.03,99.89,12.09,261.23,-0.1088,8.0,0.1209,0.774,0.474,32.68,1.6819,3101
2340550,khong_ro,khong khop luat nao,245.5,0,1250.0,20.0,600.0,55.28,1.12,0.05,101.7,10.64,87.58,-0.0139,2.0,0.0859,0.98,0.749,18.4,0.9465,833
2340567,scalp,giu=120 phut cat_sach=0.68,310.4,0,1093.0,13.0,120.0,58.09,1.16,0.06,22.23,21.95,73.04,0.1471,1.0,0.2195,0.677,1.131,1.44,0.8208,691
2340788,khong_ro,khong khop luat nao,308.5,0,458.0,9.0,420.0,23.36,1.37,0.15,12.91,2.26,125.05,-0.0632,1.0,0.0226,0.361,0.855,1.0,1.5482,633
2341317,khong_ro,khong khop luat nao,305.7,0,2323.0,16.0,360.0,56.26,1.06,0.02,84.13,15.07,66.46,-0.1054,4.0,0.1507,0.98,0.521,25.55,1.2059,1734
2341350,luoi_dca,nhoi_khi_lo=-0.035 bac_tai=2.0 lo_treo=0.20 thang=65%,304.8,0,883.0,51.0,1260.0,65.45,1.5,0.1,24.25,19.52,87.5,-0.0348,2.0,0.1952,0.89,1.292,0.83,-3.1241,1258
2341388,khong_ro,khong khop luat nao,305.7,0,3415.0,48.0,1260.0,44.24,1.29,0.08,25.64,34.17,214.17,0.1139,1.5,0.3417,0.495,1.223,1.69,1.6864,2420
2341479,luoi_dca,nhoi_khi_lo=0.858 bac_tai=1.0 lo_treo=0.33 thang=71%,304.6,0,412.0,9.0,2880.0,71.11,2.21,0.26,9.96,33.31,116.88,0.8577,1.0,0.3331,1.287,0.927,0.95,-0.1184,679
2342700,khong_ro,khong khop luat nao,289.0,0,601.0,15.0,420.0,51.24,1.21,0.06,5.77,5.56,60.22,-0.0978,1.0,0.0329,0.784,0.627,0.99,5.5692,683
2342778,xu_huong,giu=1440 phut cat_sach=0.92,298.0,0,914.0,39.0,1440.0,76.91,1.69,0.16,97.1,20.67,199.55,0.292,1.0,0.2067,0.915,1.169,8.24,-0.3881,1146
2342895,luoi_dca,nhoi_khi_lo=0.598 bac_tai=1.0 lo_treo=0.21 thang=89%,297.6,0,566.0,11.0,1440.0,88.86,4.11,0.34,8.36,20.55,417.11,0.5982,1.0,0.2055,1.25,0.545,2.08,3.0381,840
2343251,khong_ro,khong khop luat nao,296.3,0,22240.0,53.0,120.0,52.54,1.07,0.02,3.0,13.43,11630.38,-0.1282,1.0,0.1343,1.003,1.283,0.01,1.3736,189
2343255,khong_ro,khong khop luat nao,296.0,0,6600.0,38.0,240.0,52.27,1.05,0.03,1.79,13.79,512.06,-0.0938,1.0,0.1379,1.006,0.083,1.41,1.1004,63
2343591,luoi_dca,nhoi_khi_lo=0.634 bac_tai=1.0 lo_treo=0.34 thang=66%,294.5,0,1176.0,19.0,660.0,66.07,1.39,0.1,48.03,34.2,204.88,0.6342,1.0,0.342,1.385,0.832,6.69,-0.2089,1381
2343825,khong_ro,khong khop luat nao,293.0,0,1946.0,50.0,720.0,54.77,1.14,0.05,21.78,10.88,227.21,-0.1177,2.0,0.1088,0.641,1.058,0.55,3.2252,2713
2344108,khong_ro,khong khop luat nao,252.0,0,889.0,21.0,420.0,48.25,1.12,0.06,88.97,9.25,70.08,-0.0427,2.0,0.0925,0.835,0.564,21.71,1.289,1028
2344699,khong_ro,khong khop luat nao,284.0,0,636.0,8.0,780.0,50.15,1.11,0.05,97.94,19.27,77.69,0.1517,1.0,0.1927,0.689,0.819,10.39,0.095,1001
2344794,scalp,giu=59 phut cat_sach=0.78,286.6,0,1484.0,3.0,59.0,63.4,1.21,0.05,48.81,23.61,268.88,0.0769,1.0,0.2361,0.775,1.829,1.085,2.0778,256
2345182,luoi_dca,nhoi_khi_lo=0.352 bac_tai=1.0 lo_treo=0.43 thang=73%,284.6,0,1197.0,8.0,300.0,73.01,1.45,0.11,10.47,42.84,105.77,0.3517,1.0,0.4284,1.106,1.097,0.49,-0.9429,1130
2345189,khong_ro,"thieu: nhoi_khi_lo,lo_treo_dinh",,0,21683.0,140.0,600.0,54.38,1.07,0.02,0.03,8.94,118.62,,,,0.877,,,-4.6333,0
2345228,scalp,giu=13 phut cat_sach=0.99,234.2,0,433.0,4.0,13.0,67.2,1.41,0.12,3.9,8.83,183.46,0.0636,1.0,0.0883,0.99,0.215,2.075,-0.0858,212
2345352,luoi_dca,nhoi_khi_lo=0.277 bac_tai=2.0 lo_treo=0.13 thang=63%,283.8,0,1115.0,26.0,720.0,63.04,1.4,0.09,41.72,13.07,108.52,0.277,2.0,0.1307,1.084,2.148,0.32,1.4488,1880
2345752,scalp,giu=15 phut cat_sach=0.64,281.1,0,646.0,25.0,15.0,57.43,1.52,0.13,38.04,24.03,303.28,0.2924,1.0,0.2403,0.639,2.035,0.79,-1.6519,327
2346081,scalp,giu=41 phut cat_sach=0.51,280.1,0,1106.0,31.0,41.0,63.2,1.23,0.07,9.88,14.46,129.31,-0.0046,1.0,0.1446,0.507,0.776,1.615,1.0032,640
2346593,khong_ro,khong khop luat nao,274.9,0,682.0,17.0,180.0,65.1,1.54,0.14,9.41,7.69,80.01,-0.2457,1.0,0.0769,1.077,1.01,1.06,4.3262,470
2346820,luoi_dca,nhoi_khi_lo=0.185 bac_tai=2.0 lo_treo=0.16 thang=62%,275.5,0,641.0,28.0,1440.0,62.24,1.27,0.08,3.43,16.23,56.99,0.1852,2.0,0.1623,0.798,0.843,0.32,-1.0958,976
2347211,scalp,giu=120 phut cat_sach=0.56,272.8,0,391.0,8.0,120.0,68.03,1.65,0.19,90.85,5.83,51.07,0.048,1.0,0.0583,0.563,0.802,17.34,-0.1578,301
2347214,khong_ro,khong khop luat nao,273.6,0,776.0,30.0,180.0,57.08,1.42,0.11,101.29,11.07,79.64,0.0083,2.0,0.1107,0.813,0.863,16.79,1.3817,549
2347361,luoi_dca,nhoi_khi_lo=0.908 bac_tai=3.0 lo_treo=0.46 thang=75%,273.4,0,148.0,3.0,25920.0,75.0,2.38,0.27,20.93,46.39,89.05,0.9082,3.0,0.4639,1.201,0.593,7.82,-2.823,508
2348372,luoi_dca,nhoi_khi_lo=0.433 bac_tai=1.0 lo_treo=0.37 thang=77%,266.7,0,817.0,14.0,42.0,76.74,3.03,0.31,41.14,36.78,1632.78,0.4326,1.0,0.3678,1.105,1.019,3.255,0.3905,318
2348859,gong_lo,"cat_sach=1.37 lo_treo=0.14 (giu lo, khong nhoi)",261.9,0,191.0,5.0,360.0,61.78,1.27,0.12,10.26,13.55,118.54,-0.0467,1.0,0.1355,1.373,1.496,0.665,0.3588,280
2349087,khong_ro,khong khop luat nao,261.7,0,684.0,10.0,1020.0,42.25,1.15,0.05,10.26,3.4,105.84,-0.0523,1.0,0.034,0.57,0.992,1.19,2.6506,903
2349380,khong_ro,khong khop luat nao,260.1,0,402.0,13.0,360.0,53.73,1.42,0.09,7.45,2.7,84.82,0.0366,1.0,0.027,0.885,0.857,1.2,5.1549,545
2349776,xu_huong,giu=4320 phut cat_sach=0.58,257.4,0,469.0,25.0,4320.0,49.89,1.94,0.12,25.43,29.29,98.87,0.5698,2.0,0.2929,0.582,1.141,1.11,8.7285,718
2349913,luoi_dca,nhoi_khi_lo=0.509 bac_tai=1.0 lo_treo=0.33 thang=76%,256.7,0,4225.0,44.0,480.0,76.49,1.3,0.1,29.18,33.48,882.82,0.5094,1.0,0.3348,2.224,0.871,1.28,0.2615,3397
2349987,luoi_dca,nhoi_khi_lo=-0.06 bac_tai=2.0 lo_treo=0.14 thang=60%,255.9,0,201.0,5.0,660.0,60.19,2.12,0.34,26.49,14.42,500.11,-0.0602,2.0,0.1442,0.575,0.851,2.855,0.4131,466
2350806,luoi_dca,nhoi_khi_lo=0.351 bac_tai=1.0 lo_treo=0.16 thang=66%,249.8,0,583.0,28.0,480.0,65.86,1.42,0.11,2.31,16.06,89.27,0.3513,1.0,0.1606,0.696,1.462,0.08,-4.81,942
2350934,scalp,giu=37 phut cat_sach=0.80,30.8,0,1004.0,6.0,37.0,79.58,1.42,0.11,12.58,8.43,376.93,,1.0,0.0298,0.797,0.34,2.86,-0.6948,19
2351061,khong_ro,khong khop luat nao,247.2,0,703.0,3.0,660.0,56.75,1.63,0.19,5.8,6.55,501.87,-0.0694,1.0,0.0655,0.419,0.828,0.58,0.5644,427
2351091,khong_ro,khong khop luat nao,247.6,0,107.0,2.0,1260.0,69.15,2.22,0.23,16.83,24.99,1190.51,0.1642,1.0,0.2499,0.476,0.593,5.535,5.1722,392
2351423,luoi_dca,nhoi_khi_lo=0.444 bac_tai=2.0 lo_treo=0.17 thang=79%,245.8,0,557.0,9.0,1380.0,78.63,1.71,0.14,3.84,17.06,254.75,0.4438,2.0,0.1706,1.111,0.721,0.68,-4.4956,644
2351580,luoi_dca,nhoi_khi_lo=0.831 bac_tai=414.0 lo_treo=0.28 thang=79%,245.3,0,1172.0,45.0,7200.0,78.58,2.12,0.2,4.95,27.95,72.39,0.8311,414.0,0.2795,1.945,0.419,1.68,-0.4842,1732
2351735,luoi_dca,nhoi_khi_lo=0.391 bac_tai=3.0 lo_treo=0.12 thang=62%,241.9,0,743.0,21.0,480.0,61.64,1.25,0.1,20.05,11.96,75.75,0.3906,3.0,0.1196,1.804,1.357,0.96,-1.3984,1043
2351887,khong_ro,khong khop luat nao,242.3,0,325.0,9.0,180.0,28.92,1.25,0.05,12.08,10.82,52.93,0.1216,1.0,0.1082,0.503,1.085,0.88,6.7891,508
2352099,khong_ro,khong khop luat nao,241.7,0,792.0,36.0,540.0,67.42,1.82,0.15,8.34,10.44,188.92,0.0042,1.0,0.1044,1.047,1.388,0.51,4.3046,778
2352429,luoi_dca,nhoi_khi_lo=0.829 bac_tai=1.0 lo_treo=0.33 thang=71%,240.4,0,353.0,9.0,1440.0,70.82,1.97,0.2,10.97,33.15,81.45,0.8287,1.0,0.3315,1.519,0.94,1.01,-0.1657,671
2352889,scalp,giu=23 phut cat_sach=0.47,234.9,0,559.0,11.0,23.0,84.79,1.3,0.13,69.42,42.59,120.6,0.2339,1.0,0.4259,0.473,0.619,19.11,-0.8418,177
2353073,xu_huong,giu=1440 phut cat_sach=0.68,236.5,0,605.0,7.0,1440.0,52.23,1.16,0.08,70.93,30.45,92.26,0.0571,2.0,0.3045,0.684,1.045,4.67,-0.1781,1069
2353107,scalp,giu=11 phut cat_sach=0.46,234.4,0,656.0,31.0,11.0,42.53,1.65,0.16,55.49,18.36,490.93,0.2104,1.0,0.1836,0.459,0.777,12.66,2.7714,248
2353412,xu_huong,giu=1440 phut cat_sach=0.72,234.4,0,311.0,12.0,1440.0,59.48,1.22,0.08,2.75,15.8,52.68,-0.0281,2.0,0.158,0.718,0.748,0.43,0.0776,643
2353469,luoi_dca,nhoi_khi_lo=0.315 bac_tai=1.0 lo_treo=0.20 thang=75%,234.5,0,680.0,13.0,660.0,74.85,1.4,0.1,13.35,20.16,79.56,0.3151,1.0,0.2016,1.314,0.966,1.66,-1.6717,996
2353586,scalp,giu=44 phut cat_sach=0.52,233.2,0,900.0,57.0,44.0,62.88,2.42,0.17,8.16,6.37,193.91,0.0151,1.0,0.0637,0.524,1.541,0.52,10.0721,370
2353706,luoi_dca,nhoi_khi_lo=0.547 bac_tai=2.0 lo_treo=0.37 thang=84%,233.3,0,2325.0,36.0,480.0,84.17,1.44,0.11,26.18,37.27,207.29,0.547,2.0,0.3727,2.057,0.929,1.9,-0.9082,2909
2353870,luoi_dca,nhoi_khi_lo=0.415 bac_tai=1.0 lo_treo=0.42 thang=66%,232.4,0,111.0,7.0,2880.0,65.76,1.85,0.28,21.07,41.59,150.38,0.4149,1.0,0.4159,0.992,1.069,1.62,1.034,544
2353976,scalp,giu=60 phut cat_sach=0.44,230.9,0,242.0,12.0,60.0,71.48,1.76,0.18,9.29,8.03,162.98,0.0427,1.0,0.0803,0.436,0.769,1.55,3.1394,292
2354616,luoi_dca,nhoi_khi_lo=0.573 bac_tai=3.0 lo_treo=0.15 thang=84%,228.1,0,984.0,41.0,1440.0,84.04,4.87,0.43,8.09,15.26,234.11,0.5732,3.0,0.1526,0.988,0.915,0.93,2.7349,1180
2354745,khong_ro,khong khop luat nao,227.2,0,142.0,5.0,240.0,53.52,1.35,0.13,1.9,9.74,149.54,0.1083,1.0,0.0974,0.84,0.409,0.7,2.424,295
2354767,luoi_dca,nhoi_khi_lo=0.539 bac_tai=1.5 lo_treo=0.40 thang=66%,227.3,0,1291.0,3.0,5760.0,66.3,2.01,0.22,5.8,40.44,174.51,0.5388,1.5,0.4044,0.775,0.643,0.51,0.0882,1070
2354834,gong_lo,"cat_sach=1.72 lo_treo=0.17 (giu lo, khong nhoi)",226.5,0,3123.0,51.0,18.0,68.04,1.17,0.06,22.53,17.31,271.53,0.0745,1.0,0.1731,1.719,1.373,0.77,2.1713,975
2354979,khong_ro,khong khop luat nao,225.8,0,1843.0,65.0,120.0,64.4,1.12,0.04,12.68,9.77,122.41,0.1228,1.0,0.0977,1.52,1.022,0.71,0.3747,1806
2355321,xu_huong,giu=1440 phut cat_sach=0.73,224.6,0,236.0,6.0,1440.0,54.66,1.89,0.16,10.8,17.13,282.6,0.1141,2.0,0.1713,0.726,0.95,0.87,3.3645,552
2355361,luoi_dca,nhoi_khi_lo=0.095 bac_tai=303.0 lo_treo=0.49 thang=64%,224.3,0,2184.0,13.0,7200.0,64.01,1.55,0.08,8.7,47.45,198.68,0.0949,303.0,0.4888,0.889,0.377,1.7,-13.8178,1348
2355376,gong_lo,"cat_sach=2.86 lo_treo=0.43 (giu lo, khong nhoi)",224.3,0,481.0,8.0,12960.0,80.87,1.32,0.05,111.47,43.09,92.91,,,0.4309,2.856,,,-2.0441,
2356242,luoi_dca,nhoi_khi_lo=0.502 bac_tai=1.0 lo_treo=0.44 thang=72%,218.0,0,988.0,18.0,15.0,72.26,1.34,0.1,104.55,44.0,375.2,0.5017,1.0,0.44,1.306,1.43,2.7,0.179,439
2356340,khong_ro,khong khop luat nao,218.7,0,91.0,5.0,600.0,62.63,1.7,0.21,52.1,23.69,267.27,-0.0703,1.0,0.2369,0.582,0.68,4.91,3.2533,417
2356376,gong_lo,"cat_sach=1.23 lo_treo=0.42 (giu lo, khong nhoi)",218.9,0,2147.0,55.0,1440.0,58.59,1.39,0.12,96.99,42.2,472.71,0.5998,6.0,0.422,1.231,0.556,25.08,0.0799,1546
2356404,gong_lo,"cat_sach=1.33 lo_treo=0.55 (giu lo, khong nhoi)",218.7,0,2108.0,54.0,1440.0,55.12,1.41,0.1,46.5,55.49,974.91,0.6421,5.0,0.5549,1.331,0.712,6.625,0.5777,1500
2356441,xu_huong,giu=5760 phut cat_sach=0.88,218.6,0,333.0,17.0,5760.0,75.37,2.74,0.31,2.46,6.61,1311.68,0.4575,76.0,0.0661,0.882,0.69,0.52,2.6885,670
2356497,luoi_dca,nhoi_khi_lo=0.814 bac_tai=1.0 lo_treo=0.25 thang=87%,218.2,0,108.0,4.0,5760.0,87.03,3.96,0.54,6.69,24.74,185.2,0.8144,1.0,0.2474,0.832,0.759,1.17,-0.4791,439
2356554,luoi_dca,nhoi_khi_lo=0.417 bac_tai=1.0 lo_treo=0.13 thang=75%,217.5,0,435.0,10.0,60.0,74.94,1.58,0.1,13.77,12.67,67.47,0.4175,1.0,0.1267,0.826,1.502,0.79,-0.3358,349
2356592,khong_ro,khong khop luat nao,217.8,0,2326.0,66.0,780.0,53.99,1.2,0.07,17.4,12.84,248.14,-0.2696,6.0,0.1284,0.993,0.96,1.76,0.6972,1929
2356921,luoi_dca,nhoi_khi_lo=0.692 bac_tai=6.5 lo_treo=0.42 thang=71%,215.9,0,263.0,35.0,5760.0,71.48,4.16,0.41,37.13,41.68,162.31,0.6918,6.5,0.4168,0.53,1.4,2.44,2.0191,609
2357156,gong_lo,"cat_sach=1.28 lo_treo=0.44 (giu lo, khong nhoi)",214.1,0,2045.0,55.0,1440.0,57.89,1.39,0.11,21.35,44.36,458.8,0.5902,5.5,0.4436,1.28,0.603,5.5,0.1442,1555
2358276,luoi_dca,nhoi_khi_lo=-0.023 bac_tai=4.0 lo_treo=0.32 thang=75%,207.7,0,253.0,25.0,15840.0,75.49,4.88,0.48,17.76,32.47,599.46,-0.0227,4.0,0.3247,0.579,0.735,3.43,1.0555,644
2358280,luoi_dca,nhoi_khi_lo=-0.294 bac_tai=61.0 lo_treo=0.40 thang=75%,199.3,0,272.0,23.0,24480.0,75.0,5.15,0.25,21.7,40.29,756.36,-0.2941,61.0,0.4029,0.388,0.643,4.9,9.0382,663
2358523,khong_ro,khong khop luat nao,56.5,0,415.0,13.0,300.0,62.65,1.4,0.16,10.08,8.57,711.52,0.0222,2.0,0.0429,0.672,0.671,0.55,0.618,398
2358821,khong_ro,khong khop luat nao,200.9,0,235.0,15.0,480.0,68.08,3.92,0.23,73.82,47.81,187.52,0.1982,1.0,0.4781,0.904,3.775,0.58,4.5038,341
2358949,xu_huong,giu=5760 phut cat_sach=0.96,204.9,0,410.0,24.0,5760.0,54.39,1.24,0.08,11.23,38.79,111.37,0.7204,1.0,0.3879,0.965,0.564,4.3,-0.1613,23
2359053,khong_ro,khong khop luat nao,202.9,0,87.0,4.0,300.0,49.42,1.44,0.17,10.07,4.07,59.82,0.201,1.0,0.0407,0.887,0.393,1.84,0.4296,332
2359404,scalp,giu=59 phut cat_sach=0.82,199.4,0,631.0,26.0,59.0,67.51,1.56,0.18,12.58,11.05,323.18,-0.0236,1.0,0.1105,0.823,0.872,1.385,0.4386,328
2359514,luoi_dca,nhoi_khi_lo=0.758 bac_tai=7.0 lo_treo=0.37 thang=73%,199.6,0,466.0,15.0,2880.0,73.39,2.76,0.22,16.33,36.7,64.79,0.7584,7.0,0.367,0.932,0.781,3.27,4.307,931
2360005,scalp,giu=120 phut cat_sach=0.91,58.9,0,339.0,15.0,120.0,56.34,1.54,0.16,55.4,4.73,203.72,-0.1029,1.0,0.0473,0.911,0.689,2.91,2.5941,281
2360068,luoi_dca,nhoi_khi_lo=0.789 bac_tai=4.0 lo_treo=0.22 thang=66%,197.7,0,1192.0,21.0,4320.0,65.68,1.94,0.11,10.02,22.42,2208.1,0.7888,4.0,0.2242,1.111,1.167,0.7,2.3725,758
2360608,khong_ro,khong khop luat nao,193.4,0,3067.0,21.0,300.0,55.65,1.17,0.05,5.87,8.92,72.22,-0.0727,2.0,0.0892,1.006,0.902,0.78,5.6604,1772
2360826,gong_lo,"cat_sach=1.21 lo_treo=0.23 (giu lo, khong nhoi)",192.6,0,4829.0,135.0,1200.0,56.59,1.25,0.05,12.95,22.5,291.2,0.6593,1372.0,0.225,1.205,0.475,3.78,1.5852,5483
2361018,scalp,giu=1 phut cat_sach=0.19,191.5,0,257.0,11.0,1.0,81.71,2.71,0.4,6.05,1.45,186.27,0.2084,1.0,0.0145,0.187,0.416,2.915,1.5638,34
2361272,gong_lo,"cat_sach=1.30 lo_treo=0.39 (giu lo, khong nhoi)",190.3,0,1517.0,53.0,1440.0,58.8,1.38,0.11,30.71,39.47,186.87,0.6998,6.0,0.3947,1.302,0.522,10.37,-0.289,1200
2361280,scalp,giu=120 phut cat_sach=0.55,189.8,0,357.0,7.0,120.0,64.98,2.06,0.27,15.33,17.3,373.31,-0.1334,1.0,0.173,0.551,0.938,1.57,1.134,283
2361673,scalp,giu=18 phut cat_sach=0.55,187.6,0,443.0,17.0,18.0,61.62,1.93,0.26,50.96,10.34,1013.38,-0.1062,1.0,0.1034,0.551,0.75,8.63,0.6172,199
2361746,luoi_dca,nhoi_khi_lo=0.619 bac_tai=3.0 lo_treo=0.26 thang=83%,186.8,0,791.0,27.0,1440.0,83.43,4.25,0.36,8.3,26.35,237.43,0.6186,3.0,0.2635,0.96,0.751,1.54,1.0252,1062
2361784,xu_huong,giu=1440 phut cat_sach=0.62,186.9,0,1683.0,4.0,1440.0,49.37,1.49,0.09,3.19,5.47,379.35,-0.1529,2.0,0.0547,0.625,0.824,0.43,2.4641,527
2361796,scalp,giu=120 phut cat_sach=0.56,186.8,0,86.0,4.0,120.0,52.32,2.2,0.34,3.32,2.32,162.78,0.2413,1.0,0.0232,0.561,0.574,1.04,1.2594,163
2361862,khong_ro,khong khop luat nao,186.9,0,6245.0,9.0,600.0,70.66,1.33,0.07,1.15,4.66,111.49,0.4283,1.0,0.0466,2.317,1.135,0.08,9.7682,1097
2361936,khong_ro,khong khop luat nao,185.9,0,506.0,14.0,120.0,85.17,1.58,0.18,2.12,5.12,1152.06,0.1382,1.0,0.0512,1.551,0.234,0.86,-2.1725,229
2361938,khong_ro,khong khop luat nao,185.8,0,238.0,10.0,120.0,78.57,1.44,0.17,1.2,6.4,209.06,0.1523,1.0,0.064,1.285,0.082,1.08,-1.3454,195
2361967,khong_ro,khong khop luat nao,186.2,0,1378.0,8.0,780.0,57.47,1.39,0.13,2.8,8.39,762.09,-0.1075,2.0,0.0839,0.852,0.943,0.35,-0.5378,536
2362085,khong_ro,khong khop luat nao,185.0,0,970.0,13.0,1020.0,46.18,1.47,0.16,2.78,5.58,889.1,-0.1357,2.0,0.0558,0.446,0.776,0.52,1.5188,595
2362087,xu_huong,giu=1440 phut cat_sach=0.72,186.1,0,1717.0,25.0,1440.0,49.85,1.17,0.07,13.21,7.95,294.67,-0.1087,31.0,0.0795,0.717,0.609,3.18,1.3356,1187
2362229,khong_ro,khong khop luat nao,183.9,0,12599.0,19.0,1080.0,70.84,1.39,0.04,18.24,7.19,274.44,-0.2748,1.0,0.0719,0.95,1.109,1.335,2.0749,346
2362349,luoi_dca,nhoi_khi_lo=0.404 bac_tai=2.0 lo_treo=0.19 thang=95%,185.0,0,730.0,19.0,840.0,95.06,3.6,0.36,24.07,19.34,617.78,0.4038,2.0,0.1934,2.472,0.765,2.62,3.9921,882
2362356,luoi_dca,nhoi_khi_lo=0.882 bac_tai=1.0 lo_treo=0.25 thang=79%,185.0,0,314.0,2.0,2880.0,78.98,3.74,0.43,8.53,24.74,83.64,0.8821,1.0,0.2474,0.786,1.067,0.625,1.356,642
2362400,scalp,giu=120 phut cat_sach=0.48,179.5,0,571.0,26.0,120.0,71.97,1.54,0.11,15.19,19.45,446.4,-0.18,1.0,0.1945,0.476,1.285,0.58,2.4263,465
2362448,khong_ro,khong khop luat nao,183.3,0,355.0,8.0,240.0,56.33,1.42,0.13,8.32,12.84,152.41,0.145,1.0,0.1284,0.669,0.458,2.22,1.2115,469
2362458,xu_huong,giu=4320 phut cat_sach=0.81,184.6,0,2309.0,9.0,4320.0,35.68,1.16,0.05,11.48,2.64,184.62,-0.2941,6.0,0.0264,0.805,0.948,1.26,2.6825,677
2362532,scalp,giu=14 phut cat_sach=0.51,183.7,0,254.0,8.0,14.0,69.68,1.73,0.27,13.91,2.14,129.85,-0.121,1.0,0.0214,0.505,0.43,5.285,0.2639,116
2362566,luoi_dca,nhoi_khi_lo=0.841 bac_tai=2.0 lo_treo=0.33 thang=70%,184.1,0,548.0,14.0,1440.0,69.7,2.45,0.33,10.98,33.24,237.04,0.8413,2.0,0.3324,1.374,0.782,1.96,0.2766,859
2362731,xu_huong,giu=2880 phut cat_sach=0.79,183.2,0,401.0,16.0,2880.0,49.62,1.24,0.09,19.95,9.0,72.16,0.2055,29.0,0.09,0.786,0.75,3.4,0.5185,815
2362856,luoi_dca,nhoi_khi_lo=0.124 bac_tai=2.0 lo_treo=0.20 thang=69%,182.5,0,1728.0,18.0,4320.0,68.75,1.27,0.08,11.96,20.48,905.73,0.1236,2.0,0.2048,1.06,0.68,2.27,0.4056,659
2362868,scalp,giu=120 phut cat_sach=0.50,179.5,0,602.0,32.0,120.0,51.99,2.34,0.17,12.03,5.09,191.33,-0.4368,1.0,0.0509,0.501,1.335,0.72,3.3192,493
2363144,luoi_dca,nhoi_khi_lo=0.869 bac_tai=3.0 lo_treo=0.40 thang=71%,180.2,0,505.0,22.0,4320.0,71.28,1.82,0.22,13.21,40.49,106.04,0.8693,3.0,0.4049,1.641,0.689,2.74,-2.1536,932
2363284,luoi_dca,nhoi_khi_lo=0.257 bac_tai=15.0 lo_treo=0.22 thang=65%,179.4,0,1011.0,12.0,18720.0,65.08,1.36,0.16,15.52,21.81,191.28,0.2572,15.0,0.2181,1.415,0.793,2.64,-1.8006,873
2363457,luoi_dca,nhoi_khi_lo=0.47 bac_tai=2.0 lo_treo=0.39 thang=78%,178.1,0,1506.0,32.0,38.0,77.75,2.43,0.27,58.75,38.77,971.44,0.4699,2.0,0.3877,0.693,1.414,2.29,1.0694,817
2363640,khong_ro,khong khop luat nao,176.1,0,252.0,14.0,360.0,59.12,1.33,0.1,20.2,20.49,65.25,-0.1155,1.0,0.2049,0.832,0.737,3.83,0.4925,349
2363806,khong_ro,khong khop luat nao,176.0,0,265.0,12.0,4.0,65.28,1.28,0.16,15.8,7.39,445.88,-0.1653,1.0,0.0739,1.22,0.783,3.265,2.6096,60
2363833,luoi_dca,nhoi_khi_lo=0.451 bac_tai=1.0 lo_treo=0.31 thang=76%,169.6,0,1239.0,92.0,180.0,75.78,1.59,0.15,21.72,31.13,110.58,0.4507,1.0,0.3113,1.101,1.271,0.885,-1.92,1190
2363858,khong_ro,khong khop luat nao,174.6,0,622.0,33.0,240.0,53.53,1.59,0.13,34.76,14.87,143.73,-0.3015,2.0,0.1487,0.555,1.527,1.215,0.1878,528
2364006,khong_ro,khong khop luat nao,175.1,0,377.0,10.0,780.0,45.62,1.76,0.24,11.45,27.41,684.51,0.1531,1.0,0.2741,0.552,1.548,0.29,3.6937,549
2364169,khong_ro,khong khop luat nao,171.2,0,322.0,16.0,180.0,51.86,1.87,0.14,32.62,15.55,156.48,-0.2029,2.0,0.1555,0.713,0.699,5.425,1.5411,482
2364172,luoi_dca,nhoi_khi_lo=0.806 bac_tai=1.0 lo_treo=0.35 thang=73%,173.0,0,846.0,38.0,1440.0,73.4,3.56,0.12,31.49,34.91,200.49,0.8065,1.0,0.3491,0.991,0.825,2.84,9.4432,1312
2364173,luoi_dca,nhoi_khi_lo=0.608 bac_tai=25.5 lo_treo=0.39 thang=65%,174.3,0,141.0,17.0,5760.0,64.53,1.87,0.14,8.47,39.2,86.94,0.6075,25.5,0.392,1.053,0.651,2.295,3.1034,590
2364302,gong_lo,"cat_sach=1.23 lo_treo=0.44 (giu lo, khong nhoi)",172.8,0,1379.0,52.0,2880.0,58.73,1.44,0.14,18.24,43.53,321.83,0.7387,7.0,0.4353,1.231,0.545,6.245,-0.0754,982
2364335,luoi_dca,nhoi_khi_lo=0.867 bac_tai=1.0 lo_treo=0.36 thang=73%,171.8,0,290.0,17.0,2880.0,73.44,2.18,0.24,20.01,36.15,120.54,0.8673,1.0,0.3615,1.394,0.887,1.8,1.6958,665
2364384,scalp,giu=120 phut cat_sach=0.76,30.2,0,151.0,8.0,120.0,78.8,1.36,0.15,5.57,8.41,108.37,0.0292,1.0,0.0485,0.755,0.058,1.38,-0.9319,209
2364493,xu_huong,giu=4320 phut cat_sach=0.61,171.9,0,1045.0,28.0,4320.0,52.24,1.25,0.07,46.77,38.58,360.02,-0.0563,172.0,0.3858,0.607,0.635,12.11,1.4969,939
2364634,luoi_dca,nhoi_khi_lo=0.514 bac_tai=4.0 lo_treo=0.17 thang=70%,171.0,0,4210.0,31.0,180.0,69.57,1.72,0.09,10.96,17.31,67.75,0.5137,4.0,0.1731,1.334,2.463,0.13,1.9032,1060
2364795,gong_lo,"cat_sach=1.34 lo_treo=0.27 (giu lo, khong nhoi)",170.3,0,1334.0,54.0,2880.0,58.54,1.39,0.12,55.72,27.06,104.34,0.6846,6.0,0.2706,1.341,0.553,16.35,-0.741,1119
2364821,scalp,giu=27 phut cat_sach=0.37,169.9,0,1080.0,104.0,27.0,32.31,1.39,0.11,22.64,16.61,458.23,0.0176,1.0,0.1661,0.37,0.999,1.935,2.6884,894
2364881,khong_ro,khong khop luat nao,165.7,0,305.0,27.0,1200.0,59.01,1.62,0.08,61.65,28.31,487.99,0.176,1.0,0.2831,0.936,1.344,1.85,14.7049,679
2365312,scalp,giu=120 phut cat_sach=0.69,165.5,0,541.0,32.0,120.0,56.37,1.67,0.13,8.93,7.31,67.21,-0.3092,1.0,0.0731,0.692,1.102,0.775,1.5149,480
2365349,xu_huong,giu=1440 phut cat_sach=0.54,165.9,0,200.0,4.0,1440.0,44.0,1.26,0.11,4.6,3.99,95.51,-0.1942,1.0,0.0399,0.543,0.429,0.56,0.6459,476
2365424,luoi_dca,nhoi_khi_lo=0.755 bac_tai=2.5 lo_treo=0.41 thang=60%,165.7,0,1803.0,74.0,1440.0,60.39,1.15,0.05,45.01,41.18,93.08,0.7555,2.5,0.4118,0.744,0.756,3.83,1.0287,1760
2365513,khong_ro,khong khop luat nao,162.2,0,203.0,6.0,120.0,85.71,1.45,0.18,5.76,7.25,176.59,0.2554,1.0,0.0725,2.134,0.084,4.52,-1.9721,345
2365514,gong_lo,"cat_sach=2.06 lo_treo=0.25 (giu lo, khong nhoi)",162.2,0,202.0,6.0,120.0,85.64,1.41,0.18,26.53,24.71,641.72,0.2756,1.0,0.2471,2.057,0.386,8.29,-2.1396,343
2365967,khong_ro,khong khop luat nao,162.4,0,1776.0,31.0,180.0,54.16,1.4,0.1,6.35,7.69,335.05,-0.1056,1.0,0.0769,0.814,0.748,1.11,1.0768,809
2366179,gong_lo,"cat_sach=2.04 lo_treo=0.18 (giu lo, khong nhoi)",161.4,0,697.0,33.0,10.0,79.91,1.32,0.13,32.04,18.42,723.67,0.0227,1.0,0.1842,2.043,0.454,6.78,-1.1767,194
2366378,khong_ro,khong khop luat nao,157.5,0,1006.0,11.0,900.0,59.54,1.53,0.15,35.86,7.42,147.84,-0.1994,2.0,0.0742,0.746,1.093,2.89,0.0047,543
2366387,luoi_dca,nhoi_khi_lo=0.559 bac_tai=1.0 lo_treo=0.17 thang=82%,157.8,0,360.0,2.0,2880.0,82.22,2.35,0.17,4.5,16.61,148.06,0.5592,1.0,0.1661,1.786,0.564,1.58,7.6861,430
2366397,luoi_dca,nhoi_khi_lo=0.409 bac_tai=1.0 lo_treo=0.47 thang=76%,158.5,0,2802.0,33.0,11.0,75.66,1.4,0.08,33.3,47.36,670.57,0.4089,1.0,0.4736,2.293,0.628,4.625,-6.2975,560
2366465,luoi_dca,nhoi_khi_lo=0.235 bac_tai=5.0 lo_treo=0.13 thang=61%,158.3,0,3259.0,157.0,1080.0,60.66,1.46,0.07,29.13,12.53,190.76,0.2348,5.0,0.1253,0.99,0.674,3.87,3.3773,3805
2366593,khong_ro,khong khop luat nao,158.5,0,334.0,10.0,300.0,60.77,1.41,0.14,2.44,6.86,353.67,0.0295,1.0,0.0686,0.73,0.466,0.85,2.1853,510
2366879,gong_lo,"cat_sach=2.81 lo_treo=0.11 (giu lo, khong nhoi)",157.1,0,441.0,25.0,18.0,83.21,1.51,0.1,11.87,11.38,170.47,0.1855,1.0,0.1138,2.806,0.502,2.625,-2.8292,206
2367252,khong_ro,khong khop luat nao,155.2,0,393.0,5.0,180.0,86.0,2.39,0.25,10.5,4.4,388.37,0.1564,1.0,0.044,0.692,0.627,2.73,6.2287,176
2367552,khong_ro,khong khop luat nao,153.1,0,116.0,6.0,300.0,79.31,3.96,0.62,8.42,5.52,97.01,0.255,1.0,0.0552,3.618,0.118,4.74,1.362,215
2367591,luoi_dca,nhoi_khi_lo=-0.303 bac_tai=2.0 lo_treo=0.17 thang=63%,149.6,0,1294.0,80.0,120.0,63.13,1.64,0.15,13.09,17.47,642.33,-0.3033,2.0,0.1747,1.149,0.909,1.9,0.4838,601
2367701,luoi_dca,nhoi_khi_lo=0.702 bac_tai=2.0 lo_treo=0.14 thang=79%,151.6,0,2683.0,55.0,900.0,79.01,1.87,0.13,24.14,14.39,545.18,0.7019,2.0,0.1439,1.794,1.287,1.14,-0.5992,1579
2368182,khong_ro,khong khop luat nao,149.0,0,41.0,5.0,240.0,51.21,1.64,0.19,9.13,6.78,63.7,0.1614,1.0,0.0678,0.949,0.188,6.91,1.3599,302
2368349,gong_lo,"cat_sach=1.22 lo_treo=0.15 (giu lo, khong nhoi)",148.2,0,464.0,30.0,240.0,62.06,1.39,0.11,5.83,15.08,160.37,0.0343,1.0,0.1508,1.22,0.596,2.79,-1.0856,405
2368681,khong_ro,khong khop luat nao,145.9,0,452.0,4.0,960.0,88.71,3.32,0.19,3.26,8.61,729.19,0.3502,1.0,0.0861,1.568,0.133,1.67,-5.2476,209
2368945,luoi_dca,nhoi_khi_lo=0.834 bac_tai=8.0 lo_treo=0.48 thang=72%,144.4,0,544.0,28.0,7200.0,72.42,2.42,0.25,13.69,47.59,1079.64,0.8335,8.0,0.4759,1.789,0.757,2.33,3.8943,680
2368974,khong_ro,khong khop luat nao,143.2,0,82.0,4.0,300.0,41.46,1.37,0.14,4.69,4.97,75.36,0.1998,1.0,0.0497,0.532,0.305,1.53,0.4411,275
2369008,luoi_dca,nhoi_khi_lo=-0.116 bac_tai=8.0 lo_treo=0.15 thang=61%,144.3,0,510.0,41.0,2880.0,60.78,1.4,0.14,10.05,14.76,80.14,-0.1158,8.0,0.1476,0.745,1.092,0.965,0.5639,662
2369081,luoi_dca,nhoi_khi_lo=0.47 bac_tai=1.0 lo_treo=0.16 thang=69%,143.2,0,807.0,8.0,300.0,68.77,1.3,0.07,19.45,15.87,171.11,0.4701,1.0,0.1587,2.533,0.939,2.645,-1.4299,636
2369090,luoi_dca,nhoi_khi_lo=0.551 bac_tai=1.0 lo_treo=0.33 thang=75%,52.0,0,252.0,8.0,1080.0,75.0,2.24,0.25,36.69,32.95,94.72,0.5508,1.0,0.3295,1.435,0.917,3.5,-0.179,374
2369091,luoi_dca,nhoi_khi_lo=0.558 bac_tai=2.0 lo_treo=0.20 thang=83%,141.8,0,212.0,16.0,720.0,82.54,3.13,0.68,32.08,19.62,85.45,0.5576,2.0,0.1962,1.41,0.808,4.94,-0.853,489
2369167,xu_huong,giu=2880 phut cat_sach=0.39,143.3,0,80.0,4.0,2880.0,62.5,1.35,0.14,9.7,13.58,101.96,0.279,1.0,0.1358,0.391,0.491,4.73,0.6513,474
2369207,khong_ro,khong khop luat nao,142.3,0,922.0,58.0,600.0,65.5,1.18,0.06,15.31,7.0,78.48,-0.0247,4.0,0.07,0.788,0.939,1.38,2.0936,1438
2369525,luoi_dca,nhoi_khi_lo=0.893 bac_tai=1.5 lo_treo=0.26 thang=69%,35.3,0,407.0,21.0,2880.0,69.28,2.06,0.26,9.56,25.81,74.9,0.893,1.5,0.2581,1.273,1.112,0.97,-0.8035,397
2369567,khong_ro,thieu: nhoi_khi_lo,139.7,0,197.0,1.0,660.0,55.32,1.41,0.1,132.88,27.27,95.31,,,0.2727,0.806,,,2.9582,
2369741,khong_ro,khong khop luat nao,137.7,0,2459.0,38.0,240.0,61.97,1.33,0.08,6.07,7.17,274.78,0.0063,1.0,0.0717,1.168,1.153,0.35,1.6495,1569
2369813,khong_ro,khong khop luat nao,137.9,0,905.0,45.0,660.0,54.8,1.15,0.06,9.98,12.29,68.22,-0.1399,7.0,0.1229,0.815,0.47,2.77,0.6884,1253
2369981,xu_huong,giu=2880 phut cat_sach=0.83,137.1,0,657.0,32.0,2880.0,58.75,1.4,0.11,18.65,24.81,183.16,0.0917,31.5,0.2481,0.833,0.656,4.36,0.5468,724
2370840,xu_huong,giu=1440 phut cat_sach=0.48,127.8,0,32.0,1.0,1440.0,78.12,3.3,0.54,9.96,32.53,368.46,-0.0428,1.0,0.3253,0.485,0.645,2.94,0.4085,417
2370969,gong_lo,"cat_sach=2.12 lo_treo=0.29 (giu lo, khong nhoi)",129.8,0,163.0,8.0,120.0,85.88,1.51,0.24,13.19,29.18,398.2,0.2711,1.0,0.2918,2.116,0.715,2.22,-1.8586,309
2371082,scalp,giu=120 phut cat_sach=0.52,78.8,0,205.0,3.0,120.0,80.48,2.19,0.36,11.7,17.05,215.08,0.0464,1.0,0.0586,0.521,0.594,1.585,-0.5776,176
2371194,khong_ro,khong khop luat nao,119.1,0,220.0,14.0,180.0,66.81,1.79,0.17,20.76,21.28,99.59,-0.2236,1.0,0.2128,0.74,1.072,1.52,-0.9131,258
2371457,luoi_dca,nhoi_khi_lo=0.42 bac_tai=1.0 lo_treo=0.36 thang=67%,127.1,0,224.0,19.0,300.0,66.96,1.56,0.16,3.84,36.33,135.6,0.4201,1.0,0.3633,1.03,0.44,1.19,0.4523,371
2371552,khong_ro,khong khop luat nao,126.5,0,74.0,4.0,600.0,71.62,1.82,0.27,5.62,5.68,92.04,0.0941,1.0,0.0568,0.636,0.355,0.97,-0.4581,363
2371587,gong_lo,"cat_sach=1.35 lo_treo=0.27 (giu lo, khong nhoi)",126.6,0,936.0,56.0,2880.0,57.69,1.45,0.13,56.36,27.04,78.98,0.6786,5.0,0.2704,1.346,0.519,19.57,-0.2527,919
2371745,scalp,giu=120 phut cat_sach=0.89,123.0,0,434.0,31.0,120.0,55.99,1.92,0.17,15.62,11.0,121.63,-0.328,1.0,0.11,0.893,1.116,1.19,-1.0348,434
2371777,luoi_dca,nhoi_khi_lo=0.445 bac_tai=1.0 lo_treo=0.41 thang=77%,123.4,0,641.0,23.0,120.0,77.06,2.02,0.3,69.11,41.22,593.68,0.4447,1.0,0.4122,1.098,0.932,6.5,-0.1532,457
2372095,luoi_dca,nhoi_khi_lo=0.156 bac_tai=2.0 lo_treo=0.15 thang=70%,122.9,0,88.0,3.0,300.0,70.45,1.69,0.17,17.07,15.25,297.87,0.1562,2.0,0.1525,0.826,0.613,5.16,3.2712,245
2372238,scalp,giu=60 phut cat_sach=0.24,121.0,0,232.0,8.0,60.0,80.17,4.28,0.38,14.03,9.32,227.15,-0.2545,1.0,0.0932,0.238,1.098,1.15,2.2194,212
2372291,luoi_dca,nhoi_khi_lo=0.315 bac_tai=1.0 lo_treo=0.32 thang=74%,121.1,0,329.0,18.0,17.0,74.46,2.18,0.24,11.57,31.57,310.29,0.3148,1.0,0.3157,1.192,0.798,1.96,0.0771,197
2372375,gong_lo,"cat_sach=1.56 lo_treo=0.25 (giu lo, khong nhoi)",121.4,0,926.0,53.0,2880.0,56.8,1.49,0.14,10.79,24.92,81.67,0.6742,10.0,0.2492,1.565,0.486,3.99,-1.0051,880
2372538,khong_ro,khong khop luat nao,120.0,0,728.0,39.0,540.0,78.98,2.18,0.21,6.1,4.93,247.09,0.1825,1.0,0.0493,1.276,0.831,0.69,7.9792,689
2372539,khong_ro,khong khop luat nao,120.0,0,448.0,40.0,480.0,67.63,1.04,0.03,4.63,7.91,58.6,0.299,1.0,0.0791,1.75,0.997,0.42,3.6922,503
2372630,luoi_dca,nhoi_khi_lo=0.128 bac_tai=833.0 lo_treo=0.18 thang=66%,120.0,0,5792.0,87.0,600.0,65.76,1.07,0.03,100.37,17.56,80.68,0.1282,833.0,0.1756,1.228,0.714,20.785,-0.167,2172
2372719,khong_ro,khong khop luat nao,119.1,0,1488.0,19.0,47.0,88.64,1.4,0.14,16.46,5.94,469.95,0.5421,1.0,0.0594,3.716,0.565,4.28,-1.9311,1020
2372783,khong_ro,khong khop luat nao,116.5,0,1314.0,78.0,180.0,50.6,1.31,0.09,15.04,12.51,59.73,-0.1534,2.0,0.1251,0.908,1.163,1.02,0.6539,859
2372831,khong_ro,khong khop luat nao,116.9,0,790.0,26.0,1020.0,56.2,1.49,0.12,17.97,7.7,134.27,-0.0625,5.0,0.077,0.804,0.854,1.16,0.1279,843
2373259,khong_ro,khong khop luat nao,115.0,0,8238.0,226.0,300.0,51.26,1.15,0.05,6.48,5.99,194.04,0.0465,222.5,0.0599,1.071,0.935,0.68,1.3865,3161
2373260,luoi_dca,nhoi_khi_lo=0.859 bac_tai=140.0 lo_treo=0.33 thang=93%,115.4,0,3857.0,135.0,4320.0,92.71,1.87,0.18,9.13,32.79,397.25,0.8593,140.0,0.3279,2.355,0.278,3.56,-4.9002,1963
2373560,luoi_dca,nhoi_khi_lo=0.403 bac_tai=1.0 lo_treo=0.48 thang=83%,112.9,0,2606.0,6.0,60.0,83.49,1.58,0.07,10.23,47.56,341.22,0.4033,1.0,0.4756,1.153,3.171,0.06,11.898,706
2373687,luoi_dca,nhoi_khi_lo=0.869 bac_tai=76.0 lo_treo=0.29 thang=76%,112.5,0,300.0,14.0,7200.0,75.66,3.76,0.34,6.73,29.36,73.04,0.8694,76.0,0.2936,0.843,0.65,3.02,3.3827,567
2373712,khong_ro,khong khop luat nao,108.5,0,232.0,3.0,300.0,53.87,1.35,0.13,2.59,6.03,143.9,0.2191,1.0,0.0603,0.498,0.294,0.61,0.3138,363
2373761,khong_ro,thieu: nhoi_khi_lo,112.0,0,556.0,19.0,1440.0,66.72,1.4,0.09,113.05,33.24,242.31,,,0.3324,1.02,,,-0.0185,
2373797,luoi_dca,nhoi_khi_lo=0.604 bac_tai=1.0 lo_treo=0.40 thang=79%,109.9,0,943.0,59.0,51.0,79.21,1.55,0.16,29.63,40.38,525.81,0.6041,1.0,0.4038,2.254,0.903,2.38,-1.9019,1187
2373900,gong_lo,"cat_sach=2.04 lo_treo=0.30 (giu lo, khong nhoi)",109.1,0,134.0,8.0,120.0,86.56,1.63,0.29,13.1,30.45,1145.74,0.069,1.0,0.3045,2.035,0.501,7.58,-1.7734,250
2373963,scalp,giu=17 phut cat_sach=0.56,109.4,0,206.0,17.0,17.0,73.78,1.41,0.17,17.85,18.72,110.27,-0.0221,1.0,0.1872,0.563,0.83,1.88,-2.1457,114
2374305,khong_ro,khong khop luat nao,106.1,0,101.0,10.0,300.0,67.32,1.64,0.16,36.27,11.3,92.79,-0.2124,1.0,0.113,0.585,1.545,1.81,3.5091,335
2374371,luoi_dca,nhoi_khi_lo=0.694 bac_tai=2.0 lo_treo=0.22 thang=70%,107.7,0,2844.0,233.0,480.0,70.28,1.34,0.1,50.95,22.12,165.9,0.6941,2.0,0.2212,1.202,1.549,1.2,-0.8478,2750
2374374,khong_ro,khong khop luat nao,107.5,0,2540.0,173.0,1020.0,61.81,1.63,0.1,30.93,5.42,166.96,0.1563,451.0,0.0542,0.712,0.676,3.37,3.9487,2778
2374843,scalp,giu=60 phut cat_sach=0.50,102.5,0,314.0,27.0,60.0,78.98,1.73,0.17,11.98,17.74,124.47,-0.0292,1.0,0.1774,0.5,0.711,1.34,-0.6681,340
2375343,luoi_dca,nhoi_khi_lo=0.813 bac_tai=50.0 lo_treo=0.33 thang=61%,100.5,0,535.0,37.0,2880.0,61.3,1.37,0.15,11.99,33.14,3295.88,0.8131,50.0,0.3314,1.632,0.91,1.21,5.82,752
2375487,khong_ro,khong khop luat nao,98.8,0,233.0,1.0,300.0,71.24,2.1,0.15,9.56,3.09,270.27,-0.0208,1.0,0.0309,1.131,1.6,0.51,8.1708,120
2375767,luoi_dca,nhoi_khi_lo=0.615 bac_tai=1.0 lo_treo=0.19 thang=78%,97.3,0,4672.0,148.0,600.0,78.23,1.43,0.08,24.22,19.48,455.0,0.6153,1.0,0.1948,1.79,1.237,0.81,-3.6891,1678
2376022,khong_ro,khong khop luat nao,95.0,0,105.0,7.0,540.0,62.85,1.67,0.18,4.42,13.47,236.28,0.1296,1.0,0.1347,0.559,0.303,1.995,1.7397,328
2376180,scalp,giu=43 phut cat_sach=0.95,93.9,0,276.0,8.0,43.0,65.21,1.49,0.13,22.03,10.97,105.29,0.1365,1.0,0.1097,0.954,1.601,0.69,1.6356,260
2376206,luoi_dca,nhoi_khi_lo=0.253 bac_tai=3.0 lo_treo=0.18 thang=87%,93.4,0,335.0,40.0,1440.0,87.46,1.75,0.16,14.0,17.8,125.53,0.2526,3.0,0.178,1.607,0.676,2.97,1.5241,555
2376214,luoi_dca,nhoi_khi_lo=0.375 bac_tai=1.0 lo_treo=0.46 thang=64%,92.0,0,129.0,9.0,540.0,63.56,1.63,0.19,89.58,46.28,75.2,0.3752,1.0,0.4628,0.888,1.949,1.52,1.406,411
2376270,luoi_dca,nhoi_khi_lo=0.464 bac_tai=1.0 lo_treo=0.23 thang=74%,92.9,0,91.0,20.0,180.0,73.62,1.22,0.16,45.54,22.88,119.74,0.4636,1.0,0.2288,1.336,0.694,3.55,-0.1901,173
2376393,scalp,giu=7 phut cat_sach=0.82,92.7,0,217.0,8.0,7.0,72.35,2.35,0.26,7.78,1.33,852.89,0.022,1.0,0.0133,0.819,0.123,5.74,6.9379,107
2376482,khong_ro,khong khop luat nao,92.2,0,58.0,4.0,1020.0,51.72,1.5,0.26,10.3,16.49,401.97,0.2635,1.0,0.1649,0.884,0.392,1.77,1.1587,375
2376652,luoi_dca,nhoi_khi_lo=0.373 bac_tai=33.5 lo_treo=0.12 thang=81%,91.3,0,1335.0,11.0,4320.0,81.49,1.52,0.16,3.25,11.5,85.88,0.3726,33.5,0.115,1.952,0.491,1.1,-0.0878,515
2376654,luoi_dca,nhoi_khi_lo=0.42 bac_tai=34.0 lo_treo=0.23 thang=82%,91.3,0,1335.0,11.0,4320.0,81.64,1.56,0.16,7.04,22.97,184.1,0.4204,34.0,0.2297,1.952,0.509,2.17,0.0129,515
2376664,khong_ro,khong khop luat nao,87.6,0,35.0,4.0,960.0,51.42,1.8,0.29,3.93,10.07,129.79,0.1442,1.0,0.1007,0.338,0.301,1.89,0.7567,330
2376696,luoi_dca,nhoi_khi_lo=0.715 bac_tai=2.0 lo_treo=0.39 thang=83%,89.0,0,323.0,11.0,1440.0,83.28,4.19,0.32,19.19,39.27,395.27,0.7147,2.0,0.3927,0.858,0.944,2.63,0.0911,607
2376777,gong_lo,"cat_sach=1.77 lo_treo=0.14 (giu lo, khong nhoi)",89.5,0,423.0,51.0,29.0,83.21,1.63,0.2,6.91,14.4,373.73,0.2018,1.0,0.144,1.774,0.565,1.235,-2.0555,286
2376778,gong_lo,"cat_sach=1.40 lo_treo=0.17 (giu lo, khong nhoi)",89.5,0,373.0,27.0,31.0,82.3,1.41,0.14,12.24,17.15,105.79,0.1318,1.0,0.1715,1.395,0.656,1.26,-0.8917,289
2376856,xu_huong,giu=2880 phut cat_sach=0.76,88.9,0,660.0,8.0,2880.0,55.3,1.38,0.07,1.23,3.18,350.25,0.3191,2.0,0.0318,0.758,0.353,0.68,0.8768,476
2376950,khong_ro,khong khop luat nao,88.4,0,12601.0,45.0,780.0,67.83,1.17,0.03,41.36,7.31,376.54,0.5288,2.0,0.0731,1.746,1.783,1.29,-1.1447,704
2376983,khong_ro,khong khop luat nao,87.9,0,969.0,7.0,240.0,70.48,2.17,0.19,4.72,3.69,394.79,-0.2591,1.0,0.0369,0.784,0.792,0.61,5.2201,304
2377437,khong_ro,khong khop luat nao,85.2,0,364.0,27.0,720.0,57.41,1.25,0.1,20.33,26.96,126.06,0.0583,2.0,0.2696,1.017,1.279,1.06,0.0727,463
2377446,khong_ro,khong khop luat nao,84.9,0,465.0,37.0,44.0,78.06,1.67,0.17,5.68,4.85,83.43,0.0877,1.0,0.0485,1.596,0.681,0.9,-0.3202,245
2377513,khong_ro,khong khop luat nao,85.0,0,467.0,34.0,300.0,61.45,1.14,0.08,20.03,5.52,86.49,0.1899,2.0,0.0552,1.435,1.117,2.12,-0.6124,714
2377617,luoi_dca,nhoi_khi_lo=0.544 bac_tai=1.0 lo_treo=0.35 thang=68%,84.4,0,558.0,54.0,840.0,67.56,1.15,0.08,52.22,34.7,94.54,0.5436,1.0,0.347,0.806,1.265,1.71,-0.2729,777
2377661,khong_ro,khong khop luat nao,84.2,0,2220.0,24.0,2880.0,75.54,2.59,0.16,1.05,3.16,154.65,0.801,5.0,0.0316,1.686,0.843,0.18,5.3218,598
2377662,luoi_dca,nhoi_khi_lo=0.862 bac_tai=12.0 lo_treo=0.16 thang=78%,84.2,0,882.0,16.0,2880.0,78.45,2.21,0.11,6.7,16.11,59.33,0.8624,12.0,0.1611,1.465,1.517,0.35,7.4261,597
2377714,khong_ro,khong khop luat nao,81.8,0,581.0,64.0,180.0,56.62,2.15,0.16,17.32,7.84,86.41,-0.1921,1.0,0.0784,0.925,1.611,0.48,3.8518,368
2377891,scalp,giu=56 phut cat_sach=0.49,81.6,0,129.0,8.0,56.0,73.64,4.32,0.45,44.41,6.41,211.99,-0.1718,1.0,0.0641,0.49,1.652,1.41,1.3995,215
2377938,khong_ro,khong khop luat nao,81.5,0,242.0,37.0,780.0,49.17,1.62,0.16,22.35,7.61,272.9,-0.0102,2.0,0.0761,0.464,1.461,0.775,2.7435,596
2378004,luoi_dca,nhoi_khi_lo=0.88 bac_tai=16.0 lo_treo=0.15 thang=80%,81.3,0,1055.0,17.0,4320.0,79.71,2.04,0.17,17.23,15.22,86.01,0.8799,16.0,0.1522,1.167,0.778,4.35,2.4275,565
2378041,luoi_dca,nhoi_khi_lo=0.878 bac_tai=3.0 lo_treo=0.43 thang=80%,80.9,0,415.0,18.0,1440.0,79.75,3.58,0.37,96.22,42.96,85.88,0.8784,3.0,0.4296,1.628,0.723,40.56,0.8246,739
2378167,luoi_dca,nhoi_khi_lo=0.567 bac_tai=2.0 lo_treo=0.39 thang=65%,71.9,0,684.0,3.0,60.0,65.35,1.34,0.09,40.47,38.5,71.43,0.5667,2.0,0.385,1.6,1.317,2.32,0.1415,677
2378209,scalp,giu=8 phut cat_sach=0.10,79.1,0,263.0,3.0,8.0,81.74,3.8,0.58,3.94,0.06,296.91,,1.0,0.0006,0.101,,3.88,-0.1078,4
2378213,khong_ro,khong khop luat nao,79.5,0,255.0,38.0,780.0,51.76,1.74,0.2,33.63,7.52,299.36,-0.0477,2.0,0.0752,0.432,0.764,5.05,2.6752,555
2378337,gong_lo,"cat_sach=1.62 lo_treo=0.42 (giu lo, khong nhoi)",78.8,0,648.0,53.0,2880.0,57.56,1.42,0.16,22.45,42.38,270.67,0.8151,32.0,0.4238,1.622,0.515,7.8,2.733,680
2378404,khong_ro,thieu: cat_sach,78.1,0,267.0,2.0,120.0,82.02,1.91,0.19,14.86,6.62,136.65,-0.3703,1.0,0.0662,,0.799,2.78,-0.2665,279
2378405,khong_ro,khong khop luat nao,30.2,0,552.0,33.0,30.0,85.86,1.73,0.16,2.86,7.86,378.09,0.0543,1.0,0.0786,1.358,0.27,1.39,-1.2628,273
2378670,luoi_dca,nhoi_khi_lo=0.878 bac_tai=1.0 lo_treo=0.11 thang=76%,76.8,0,790.0,19.0,780.0,75.94,1.96,0.16,21.89,10.63,181.01,0.8783,1.0,0.1063,1.443,0.687,6.805,-2.5811,466
2378671,luoi_dca,nhoi_khi_lo=0.851 bac_tai=1.0 lo_treo=0.11 thang=75%,76.8,0,402.0,19.0,720.0,75.37,1.54,0.11,21.91,10.66,68.5,0.8514,1.0,0.1066,1.267,0.762,5.455,4.3811,398
2378836,khong_ro,khong khop luat nao,37.8,0,50.0,3.0,1320.0,30.0,1.43,0.16,5.01,3.82,72.85,-0.1291,1.0,0.0382,0.704,0.258,3.89,2.0107,405
2378888,xu_huong,giu=1440 phut cat_sach=0.92,74.7,0,565.0,12.0,1440.0,28.67,1.3,0.07,3.24,1.65,85.44,-0.2649,2.0,0.0165,0.919,0.823,0.79,3.9087,541
2378933,khong_ro,khong khop luat nao,73.9,0,535.0,50.0,120.0,65.04,1.25,0.09,23.99,9.19,115.7,-0.1631,1.0,0.0919,1.261,1.38,1.21,0.731,473
2378963,khong_ro,khong khop luat nao,74.1,0,167.0,28.0,780.0,64.67,1.46,0.12,18.48,9.91,73.55,-0.5044,2.0,0.0991,1.149,0.724,4.27,3.9044,547
2378972,khong_ro,khong khop luat nao,73.7,0,53.0,2.0,300.0,43.39,1.4,0.16,29.92,13.74,87.47,0.2685,1.0,0.1374,0.714,0.51,7.4,2.2084,264
2378974,khong_ro,khong khop luat nao,73.9,0,449.0,29.0,720.0,50.33,1.23,0.08,36.88,19.27,107.09,-0.1592,5.0,0.1927,0.814,0.765,6.38,0.6167,600
2378980,khong_ro,khong khop luat nao,73.7,0,246.0,25.0,840.0,58.94,1.32,0.14,33.53,14.21,82.83,-0.1837,3.0,0.1421,0.85,0.707,4.4,0.1994,533
2378981,khong_ro,khong khop luat nao,73.6,0,174.0,14.0,480.0,46.55,1.73,0.19,3.53,2.6,82.82,-0.0671,3.0,0.026,0.556,0.659,0.86,1.3999,519
2379208,luoi_dca,nhoi_khi_lo=0.771 bac_tai=196.0 lo_treo=0.33 thang=82%,72.5,0,4090.0,59.0,2880.0,82.24,1.97,0.14,21.07,33.26,3656.85,0.7714,196.0,0.3326,1.392,0.544,4.54,0.9398,897
2379226,scalp,giu=57 phut cat_sach=0.49,71.4,0,153.0,12.0,57.0,69.28,2.21,0.23,5.87,3.42,60.44,0.2305,1.0,0.0342,0.49,0.435,2.71,3.4889,188
2379286,khong_ro,khong khop luat nao,71.8,0,395.0,44.0,240.0,68.6,1.5,0.11,8.8,6.62,85.33,-0.0458,1.0,0.0662,0.842,1.409,0.54,-1.5974,647
2379447,khong_ro,khong khop luat nao,70.6,0,116.0,8.0,300.0,53.44,1.56,0.17,37.11,7.83,66.42,-0.0872,1.0,0.0783,1.694,0.703,2.94,0.1803,192
2379517,khong_ro,khong khop luat nao,66.3,0,240.0,27.0,660.0,80.41,1.78,0.18,12.96,8.76,74.2,0.0809,1.0,0.0876,0.695,0.697,0.85,0.6288,371
2379521,scalp,giu=60 phut cat_sach=0.51,70.0,0,242.0,28.0,60.0,40.9,1.46,0.12,3.31,2.21,100.77,-0.0013,1.0,0.0221,0.508,0.504,0.74,2.6168,383
2379942,khong_ro,khong khop luat nao,66.4,0,76.0,6.0,300.0,61.84,1.9,0.27,3.65,4.54,87.87,0.1007,1.0,0.0454,0.478,0.349,1.09,0.2992,283
2380242,luoi_dca,nhoi_khi_lo=0.537 bac_tai=1.0 lo_treo=0.12 thang=82%,64.1,0,541.0,19.0,60.0,82.07,2.17,0.13,6.4,11.82,106.6,0.537,1.0,0.1182,0.788,0.915,0.51,7.6259,166
2380489,khong_ro,khong khop luat nao,60.5,0,203.0,9.0,300.0,64.03,1.62,0.16,45.98,9.92,270.41,-0.0436,1.0,0.0992,0.744,1.26,1.55,0.7422,420
2380491,khong_ro,khong khop luat nao,60.0,0,205.0,12.0,480.0,60.48,1.33,0.11,35.35,10.73,83.67,-0.0572,1.0,0.1073,0.779,1.134,1.35,-0.3615,425
2380587,khong_ro,khong khop luat nao,60.1,0,123.0,4.0,660.0,36.58,1.37,0.12,2.43,6.33,70.43,0.4094,1.0,0.0633,0.755,0.418,0.93,1.8967,296
2381033,luoi_dca,nhoi_khi_lo=0.577 bac_tai=3.0 lo_treo=0.37 thang=86%,59.4,0,36.0,2.0,120.0,86.11,4.34,0.59,49.32,36.92,151.13,0.5767,3.0,0.3692,0.823,0.541,19.735,0.7542,82
2381088,khong_ro,khong khop luat nao,58.4,0,1139.0,20.0,600.0,69.71,1.4,0.09,4.47,5.63,123.07,0.557,2.0,0.0563,1.32,0.845,0.52,-3.0138,490
2381091,xu_huong,giu=8640 phut cat_sach=0.75,59.6,0,243.0,3.0,8640.0,40.32,1.97,0.19,0.14,0.6,106.54,-0.4042,14.0,0.006,0.75,0.433,0.04,2.1034,490
2381663,luoi_dca,nhoi_khi_lo=0.425 bac_tai=2.0 lo_treo=0.27 thang=93%,53.5,0,59.0,7.0,1320.0,93.22,2.71,0.47,42.57,26.98,350.22,0.4252,2.0,0.2698,1.31,0.596,9.76,-0.0777,413
2382253,luoi_dca,nhoi_khi_lo=0.833 bac_tai=3.0 lo_treo=0.38 thang=78%,50.1,0,210.0,6.0,7200.0,78.09,1.61,0.14,10.15,37.74,71.75,0.8331,3.0,0.3774,1.014,0.426,5.78,-0.5838,446
2383178,scalp,giu=120 phut cat_sach=0.41,44.4,0,393.0,28.0,120.0,66.92,1.35,0.09,13.58,10.9,130.27,-0.2087,1.0,0.109,0.411,1.242,0.88,3.1079,205
2383303,khong_ro,khong khop luat nao,43.5,0,715.0,18.0,780.0,60.41,1.25,0.07,10.03,20.13,98.9,0.1417,1.0,0.2013,0.802,1.044,0.81,2.2539,337
2383310,luoi_dca,nhoi_khi_lo=0.318 bac_tai=1.0 lo_treo=0.46 thang=81%,43.3,0,1350.0,55.0,36.0,81.33,1.72,0.14,7.37,45.89,200.97,0.3183,1.0,0.4589,1.714,1.04,0.41,-7.4624,262
2383311,luoi_dca,nhoi_khi_lo=0.58 bac_tai=1.0 lo_treo=0.39 thang=88%,43.3,0,611.0,55.0,240.0,87.72,2.83,0.4,13.48,39.17,131.92,0.5798,1.0,0.3917,1.185,0.461,3.985,-8.4591,362
2383449,khong_ro,khong khop luat nao,43.2,0,124.0,15.0,420.0,58.06,1.61,0.17,11.6,5.93,82.66,-0.3072,1.0,0.0593,1.111,0.454,3.46,1.1212,344
2383619,scalp,giu=28 phut cat_sach=0.47,42.0,0,309.0,18.0,28.0,47.89,1.22,0.1,32.14,9.98,116.19,-0.0551,1.0,0.0998,0.468,0.635,8.14,2.0517,298
2383810,gong_lo,"cat_sach=1.39 lo_treo=0.12 (giu lo, khong nhoi)",40.0,0,957.0,21.0,2880.0,79.2,1.92,0.17,107.89,12.34,489.94,,,0.1234,1.392,,,-1.6579,
2384259,scalp,giu=16 phut cat_sach=0.87,36.5,0,364.0,23.0,16.0,68.13,1.82,0.21,0.0,4.67,153.93,,,0.0467,0.873,,,0.008,
2384560,khong_ro,khong khop luat nao,32.0,0,203.0,18.0,540.0,56.15,1.41,0.18,4.04,3.59,212.29,-0.0936,1.0,0.0359,0.946,0.325,0.97,0.0516,424
2384567,khong_ro,khong khop luat nao,32.0,0,205.0,21.0,480.0,57.07,1.34,0.18,0.97,3.56,209.67,0.3095,1.0,0.0298,0.99,0.066,0.85,-0.2432,430
2385060,khong_ro,khong khop luat nao,31.4,0,338.0,8.0,1440.0,87.57,2.59,0.16,4.26,8.31,148.9,0.6684,1.0,0.0831,1.227,0.767,1.24,-2.4209,384
2385151,xu_huong,giu=1440 phut cat_sach=0.70,30.6,0,363.0,2.0,1440.0,83.47,1.53,0.06,5.33,4.21,3271.97,0.7009,1.0,0.0421,0.702,0.567,2.31,3.3792,275
2385250,khong_ro,khong khop luat nao,30.3,0,129.0,27.0,1140.0,77.51,2.27,0.22,10.15,8.37,102.81,0.3824,8.5,0.0837,1.605,0.655,2.11,1.2661,425
2385460,khong_ro,khong khop luat nao,28.8,0,264.0,23.0,60.0,78.03,1.42,0.18,1.91,6.09,561.05,0.0395,1.0,0.0609,3.305,0.239,1.13,0.0448,220
2385675,luoi_dca,nhoi_khi_lo=0.893 bac_tai=1.0 lo_treo=0.10 thang=74%,27.5,0,372.0,7.0,1440.0,73.65,2.96,0.41,4.3,10.45,215.96,0.8935,1.0,0.1045,0.866,0.41,2.05,0.4394,467
2385768,khong_ro,khong khop luat nao,26.1,0,606.0,23.0,21.0,80.85,1.77,0.17,8.71,8.04,107.85,0.17,1.0,0.0804,1.394,0.594,1.75,-1.9767,125
2386148,khong_ro,khong khop luat nao,23.9,0,402.0,12.0,6.0,84.07,1.73,0.21,3.09,1.57,527.38,-0.1266,1.0,0.0157,1.981,0.273,1.45,-1.0987,25
2386274,gong_lo,"cat_sach=1.88 lo_treo=0.35 (giu lo, khong nhoi)",23.4,0,167.0,38.0,7200.0,55.08,1.96,0.23,26.37,35.47,274.62,0.7611,1.0,0.3547,1.882,1.128,2.33,2.3125,234
2386818,xu_huong,giu=1440 phut cat_sach=0.34,19.5,0,1330.0,26.0,1440.0,64.81,1.78,0.15,3.01,1.93,403.08,-0.602,15.0,0.0193,0.336,0.748,0.31,3.9905,435
2386939,luoi_dca,nhoi_khi_lo=0.39 bac_tai=1.0 lo_treo=0.12 thang=96%,18.2,0,160.0,6.0,2880.0,95.62,39.44,0.53,13.05,11.98,14495.56,0.3904,1.0,0.1198,2.002,0.146,9.685,2.5519,160
2387326,luoi_dca,nhoi_khi_lo=0.954 bac_tai=1.0 lo_treo=0.18 thang=71%,16.3,0,505.0,22.0,2880.0,71.08,2.18,0.28,7.65,18.19,198.57,0.9543,1.0,0.1819,0.963,0.851,2.11,0.2641,338
2387489,khong_ro,thieu: cat_sach,15.0,0,155.0,7.0,2880.0,70.96,1.9,0.2,6.33,5.68,181.42,0.5108,1.0,0.0568,,0.265,3.17,3.6672,21
2387536,khong_ro,thieu: cat_sach,14.8,0,217.0,7.0,180.0,76.49,2.18,0.21,2.36,2.96,251.97,-0.0082,1.0,0.0296,,0.302,1.24,2.9629,21
2387993,khong_ro,"thieu: nhoi_khi_lo,lo_treo_dinh,cat_sach",,0,949.0,19.0,10080.0,52.58,1.42,-0.06,25.44,0.0,302.14,,10.0,,,0.43,8.54,6.6925,265
