open_time,open,high,low,close,volume
1783695600000,1.1425960063934326,1.144164800643921,1.1425960063934326,1.144164800643921,0
1783699200000,1.1440337896347046,1.144426703453064,1.143379807472229,1.143379807472229,0
1783702800000,1.143379807472229,1.143379807472229,1.1420739889144897,1.1420739889144897,0
1783706400000,1.1420739889144897,1.1420739889144897,1.1415525674819946,1.1419435739517212,0
1783710000000,1.1419435739517212,1.1419435739517212,1.1416828632354736,1.1419435739517212,0
1783713600000,1.1419435739517212,1.1422044038772583,1.1415525674819946,1.1416828632354736,0
1783717200000,1.1419435739517212,1.1419435739517212,1.1419435739517212,1.1419435739517212,0
1783897200000,1.1397310495376587,1.1406410932540894,1.1397310495376587,1.1406410932540894,0
1783900800000,1.1407711505889893,1.1407711505889893,1.1398608684539795,1.1398608684539795,0
1783904400000,1.1398608684539795,1.1399909257888794,1.1389521360397339,1.1399909257888794,0
1783908000000,1.1401208639144897,1.1402509212493896,1.1397310495376587,1.1398608684539795,0
1783911600000,1.1398608684539795,1.1401208639144897,1.1394712924957275,1.1401208639144897,0
1783915200000,1.1402509212493896,1.1407711505889893,1.1399909257888794,1.1407711505889893,0
1783918800000,1.1407711505889893,1.1411616802215576,1.1401208639144897,1.1401208639144897,0
1783922400000,1.1402509212493896,1.1410315036773682,1.1399909257888794,1.140380859375,0
1783926000000,1.1405109167099,1.1428571939468384,1.1405109167099,1.1427265405654907,0
1783929600000,1.1427265405654907,1.1449507474899292,1.1427265405654907,1.1439030170440674,0
1783933200000,1.1439030170440674,1.1440337896347046,1.1431183815002441,1.143379807472229,0
1783936800000,1.1435105800628662,1.1439030170440674,1.142987847328186,1.1439030170440674,0
1783940400000,1.1439030170440674,1.1440337896347046,1.1428571939468384,1.1431183815002441,0
1783944000000,1.1431183815002441,1.1432491540908813,1.1424654722213745,1.1432491540908813,0
1783947600000,1.1435105800628662,1.1435105800628662,1.1418131589889526,1.1418131589889526,0
1783951200000,1.1418131589889526,1.1418131589889526,1.1401208639144897,1.1406410932540894,0
1783954800000,1.1409013271331787,1.1409013271331787,1.1399909257888794,1.1406410932540894,0
1783958400000,1.1405109167099,1.1405109167099,1.1386927366256714,1.1390818357467651,0
1783962000000,1.139211654663086,1.1393414735794067,1.1389521360397339,1.1389521360397339,0
1783965600000,1.1389521360397339,1.139211654663086,1.1388224363327026,1.1389521360397339,0
1783969200000,1.1390818357467651,1.1390818357467651,1.1385631561279297,1.1385631561279297,0
1783972800000,1.1386927366256714,1.1388224363327026,1.1381744146347046,1.1384334564208984,0
1783976400000,1.1393414735794067,1.1393414735794067,1.1381744146347046,1.1384334564208984,0
1783980000000,1.1385631561279297,1.1388224363327026,1.1384334564208984,1.1384334564208984,0
1783983600000,1.1384334564208984,1.1386927366256714,1.1383039951324463,1.1385631561279297,0
1783987200000,1.1386927366256714,1.139211654663086,1.1381744146347046,1.1389521360397339,0
1783990800000,1.1388224363327026,1.1393414735794067,1.1388224363327026,1.139211654663086,0
1783994400000,1.139211654663086,1.1397310495376587,1.139211654663086,1.1394712924957275,0
1783998000000,1.1394712924957275,1.1398608684539795,1.139211654663086,1.1397310495376587,0
1784001600000,1.1397310495376587,1.1397310495376587,1.1390818357467651,1.1393414735794067,0
1784005200000,1.1394712924957275,1.1398608684539795,1.1394712924957275,1.1394712924957275,0
1784008800000,1.1394712924957275,1.1397310495376587,1.1388224363327026,1.1389521360397339,0
1784012400000,1.1388224363327026,1.1399909257888794,1.1388224363327026,1.1398608684539795,0
1784016000000,1.1398608684539795,1.1409013271331787,1.1397310495376587,1.140380859375,0
1784019600000,1.1402509212493896,1.1407711505889893,1.1398608684539795,1.140380859375,0
1784023200000,1.140380859375,1.1405109167099,1.1394712924957275,1.1394712924957275,0
1784026800000,1.1394712924957275,1.1411616802215576,1.1393414735794067,1.1410315036773682,0
1784030400000,1.1409013271331787,1.1462632417678833,1.1407711505889893,1.144688606262207,0
1784034000000,1.144819736480713,1.145737886428833,1.144819736480713,1.1456066370010376,0
1784037600000,1.1453442573547363,1.1461317539215088,1.144426703453064,1.144819736480713,0
1784041200000,1.144819736480713,1.1454753875732422,1.142987847328186,1.142987847328186,0
1784044800000,1.1431183815002441,1.1437721252441406,1.1428571939468384,1.1436413526535034,0
1784048400000,1.1435105800628662,1.1436413526535034,1.1423349380493164,1.1425960063934326,0
1784052000000,1.1427265405654907,1.1428571939468384,1.1420739889144897,1.1425960063934326,0
1784055600000,1.1427265405654907,1.1428571939468384,1.1424654722213745,1.1424654722213745,0
1784059200000,1.1423349380493164,1.1425960063934326,1.1422044038772583,1.1423349380493164,0
1784062800000,1.1424654722213745,1.1431183815002441,1.1422044038772583,1.1425960063934326,0
1784066400000,1.1424654722213745,1.1424654722213745,1.1420739889144897,1.1424654722213745,0
1784070000000,1.1423349380493164,1.1428571939468384,1.1423349380493164,1.1427265405654907,0
1784073600000,1.1427265405654907,1.1437721252441406,1.1427265405654907,1.1437721252441406,0
1784077200000,1.1437721252441406,1.1440337896347046,1.1435105800628662,1.1439030170440674,0
1784080800000,1.1439030170440674,1.144426703453064,1.1436413526535034,1.144426703453064,0
1784084400000,1.1442956924438477,1.1445575952529907,1.1437721252441406,1.144164800643921,0
1784088000000,1.144164800643921,1.144426703453064,1.1440337896347046,1.1440337896347046,0
1784091600000,1.1440337896347046,1.144688606262207,1.1439030170440674,1.144426703453064,0
1784095200000,1.144426703453064,1.144688606262207,1.1432491540908813,1.1432491540908813,0
1784098800000,1.1432491540908813,1.1435105800628662,1.1423349380493164,1.1425960063934326,0
1784102400000,1.1427265405654907,1.1431183815002441,1.1424654722213745,1.1427265405654907,0
1784106000000,1.1427265405654907,1.1428571939468384,1.1420739889144897,1.1420739889144897,0
1784109600000,1.1420739889144897,1.1422044038772583,1.141422152519226,1.1415525674819946,0
1784113200000,1.1419435739517212,1.1422044038772583,1.141422152519226,1.1416828632354736,0
1784116800000,1.1416828632354736,1.1432491540908813,1.1410315036773682,1.1432491540908813,0
1784120400000,1.1431183815002441,1.1437721252441406,1.1427265405654907,1.1436413526535034,0
1784124000000,1.1435105800628662,1.144426703453064,1.143379807472229,1.1439030170440674,0
1784127600000,1.1440337896347046,1.144426703453064,1.1435105800628662,1.1439030170440674,0
1784131200000,1.1439030170440674,1.1445575952529907,1.143379807472229,1.1445575952529907,0
1784134800000,1.1445575952529907,1.1477103233337402,1.1445575952529907,1.1477103233337402,0
1784138400000,1.1477103233337402,1.148369312286377,1.1471836566925049,1.1471836566925049,0
1784142000000,1.1469204425811768,1.1477103233337402,1.1465259790420532,1.1467890739440918,0
1784145600000,1.1467890739440918,1.1467890739440918,1.1463946104049683,1.1466574668884277,0
1784149200000,1.1467890739440918,1.147315263748169,1.1463946104049683,1.1467890739440918,0
1784152800000,1.1469204425811768,1.1471836566925049,1.1469204425811768,1.1469204425811768,0
1784156400000,1.1471836566925049,1.147446870803833,1.1470520496368408,1.147315263748169,0
1784160000000,1.147315263748169,1.1477103233337402,1.1470520496368408,1.1477103233337402,0
1784163600000,1.1477103233337402,1.1477103233337402,1.1467890739440918,1.1469204425811768,0
1784167200000,1.1469204425811768,1.1469204425811768,1.1463946104049683,1.1467890739440918,0
1784170800000,1.1467890739440918,1.1471836566925049,1.1466574668884277,1.1469204425811768,0
1784174400000,1.1469204425811768,1.1470520496368408,1.1466574668884277,1.1469204425811768,0
1784178000000,1.1469204425811768,1.1471836566925049,1.1466574668884277,1.1466574668884277,0
1784181600000,1.1467890739440918,1.147446870803833,1.1467890739440918,1.1471836566925049,0
1784185200000,1.1471836566925049,1.1479737758636475,1.1470520496368408,1.147315263748169,0
1784188800000,1.1471836566925049,1.147446870803833,1.1466574668884277,1.1469204425811768,0
1784192400000,1.1469204425811768,1.1470520496368408,1.1463946104049683,1.1469204425811768,0
1784196000000,1.1469204425811768,1.1471836566925049,1.1463946104049683,1.1463946104049683,0
1784199600000,1.1462632417678833,1.1471836566925049,1.1461317539215088,1.1471836566925049,0
1784203200000,1.1471836566925049,1.147315263748169,1.145081877708435,1.145081877708435,0
1784206800000,1.145081877708435,1.1462632417678833,1.1449507474899292,1.1454753875732422,0
1784210400000,1.1453442573547363,1.145737886428833,1.1442956924438477,1.144688606262207,0
1784214000000,1.1445575952529907,1.145213007926941,1.1440337896347046,1.1449507474899292,0
1784217600000,1.145081877708435,1.145081877708435,1.1437721252441406,1.1437721252441406,0
1784221200000,1.1437721252441406,1.144164800643921,1.1435105800628662,1.1440337896347046,0
1784224800000,1.1440337896347046,1.144164800643921,1.1437721252441406,1.144164800643921,0
1784228400000,1.144164800643921,1.144426703453064,1.1437721252441406,1.144426703453064,0
1784232000000,1.1442956924438477,1.144819736480713,1.144164800643921,1.144819736480713,0
1784235600000,1.144426703453064,1.144819736480713,1.1442956924438477,1.1445575952529907,0
1784239200000,1.1445575952529907,1.144819736480713,1.1445575952529907,1.144688606262207,0
1784242800000,1.144688606262207,1.1449507474899292,1.1445575952529907,1.144819736480713,0
1784246400000,1.144819736480713,1.1449507474899292,1.144426703453064,1.1449507474899292,0
1784250000000,1.1449507474899292,1.145081877708435,1.144164800643921,1.144164800643921,0
1784253600000,1.1442956924438477,1.144426703453064,1.1440337896347046,1.1440337896347046,0
1784257200000,1.1440337896347046,1.1442956924438477,1.1439030170440674,1.1442956924438477,0
1784260800000,1.1442956924438477,1.1442956924438477,1.1439030170440674,1.1439030170440674,0
1784264400000,1.1439030170440674,1.144688606262207,1.1439030170440674,1.1442956924438477,0
1784268000000,1.1442956924438477,1.1454753875732422,1.1442956924438477,1.1453442573547363,0
1784271600000,1.1453442573547363,1.1456066370010376,1.144688606262207,1.1449507474899292,0
1784275200000,1.144819736480713,1.145081877708435,1.1440337896347046,1.1445575952529907,0
1784278800000,1.144426703453064,1.1445575952529907,1.1440337896347046,1.1442956924438477,0
1784282400000,1.1442956924438477,1.1442956924438477,1.142987847328186,1.142987847328186,0
1784286000000,1.142987847328186,1.1439030170440674,1.1428571939468384,1.143379807472229,0
1784289600000,1.143379807472229,1.1439030170440674,1.142987847328186,1.1431183815002441,0
1784293200000,1.1432491540908813,1.1440337896347046,1.1428571939468384,1.1439030170440674,0
1784296800000,1.1439030170440674,1.144688606262207,1.1436413526535034,1.1442956924438477,0
1784300400000,1.1442956924438477,1.144688606262207,1.1440337896347046,1.1442956924438477,0
1784304000000,1.1442956924438477,1.144426703453064,1.1437721252441406,1.144164800643921,0
1784307600000,1.144164800643921,1.144164800643921,1.1436413526535034,1.1437721252441406,0
1784311200000,1.1437721252441406,1.1440337896347046,1.1437721252441406,1.1440337896347046,0
1784314800000,1.1439030170440674,1.144426703453064,1.1437721252441406,1.144426703453064,0
1784318400000,1.144426703453064,1.1445575952529907,1.1439030170440674,1.1440337896347046,0
1784322000000,1.1442956924438477,1.1445575952529907,1.1442956924438477,1.1445575952529907,0
1784502000000,1.142987847328186,1.1431183815002441,1.1427265405654907,1.142987847328186,0
1784505600000,1.142987847328186,1.1436413526535034,1.142987847328186,1.1436413526535034,0
1784509200000,1.1437721252441406,1.1439030170440674,1.1435105800628662,1.1439030170440674,0
1784512800000,1.1439030170440674,1.1445575952529907,1.1439030170440674,1.144426703453064,0
1784516400000,1.144426703453064,1.1445575952529907,1.1442956924438477,1.1445575952529907,0
1784520000000,1.1445575952529907,1.144819736480713,1.144426703453064,1.144819736480713,0
1784523600000,1.144819736480713,1.144819736480713,1.1442956924438477,1.144426703453064,0
1784527200000,1.144426703453064,1.1445575952529907,1.1437721252441406,1.1437721252441406,0
1784530800000,1.1437721252441406,1.145213007926941,1.1437721252441406,1.144688606262207,0
1784534400000,1.144819736480713,1.144819736480713,1.144164800643921,1.1442956924438477,0
1784538000000,1.1442956924438477,1.1442956924438477,1.1431183815002441,1.143379807472229,0
1784541600000,1.143379807472229,1.1439030170440674,1.1432491540908813,1.1435105800628662,0
1784545200000,1.1435105800628662,1.1442956924438477,1.1432491540908813,1.1432491540908813,0
1784548800000,1.1431183815002441,1.1432491540908813,1.1420739889144897,1.1427265405654907,0
1784552400000,1.1427265405654907,1.1427265405654907,1.1418131589889526,1.1420739889144897,0
1784556000000,1.1419435739517212,1.1420739889144897,1.1406410932540894,1.1410315036773682,0
1784559600000,1.1410315036773682,1.1415525674819946,1.1409013271331787,1.1415525674819946,0
1784563200000,1.141422152519226,1.1419435739517212,1.141291856765747,1.141422152519226,0
1784566800000,1.1415525674819946,1.1418131589889526,1.141422152519226,1.1416828632354736,0
1784570400000,1.1416828632354736,1.1422044038772583,1.1416828632354736,1.1418131589889526,0
1784574000000,1.1419435739517212,1.1420739889144897,1.1416828632354736,1.1419435739517212,0
1784577600000,1.1419435739517212,1.1419435739517212,1.1415525674819946,1.1416828632354736,0
1784581200000,1.1419435739517212,1.1423349380493164,1.141291856765747,1.1416828632354736,0
1784584800000,1.141422152519226,1.1416828632354736,1.141291856765747,1.1416828632354736,0
1784588400000,1.1416828632354736,1.1418131589889526,1.1415525674819946,1.1418131589889526,0
1784592000000,1.1419435739517212,1.1420739889144897,1.1415525674819946,1.1416828632354736,0
1784595600000,1.1415525674819946,1.1419435739517212,1.1415525674819946,1.1418131589889526,0
1784599200000,1.1418131589889526,1.1419435739517212,1.141422152519226,1.141422152519226,0
1784602800000,1.1415525674819946,1.1418131589889526,1.141291856765747,1.1415525674819946,0
1784606400000,1.1415525674819946,1.1420739889144897,1.1415525674819946,1.1420739889144897,0
1784610000000,1.1420739889144897,1.1424654722213745,1.1419435739517212,1.1420739889144897,0
1784613600000,1.1422044038772583,1.1425960063934326,1.1420739889144897,1.1425960063934326,0
1784617200000,1.1425960063934326,1.142987847328186,1.1424654722213745,1.1425960063934326,0
1784620800000,1.1425960063934326,1.1428571939468384,1.1423349380493164,1.1424654722213745,0
1784624400000,1.1424654722213745,1.1431183815002441,1.1424654722213745,1.1425960063934326,0
1784628000000,1.1425960063934326,1.1431183815002441,1.1423349380493164,1.1424654722213745,0
1784631600000,1.1424654722213745,1.1425960063934326,1.1420739889144897,1.1422044038772583,0
1784635200000,1.1423349380493164,1.1423349380493164,1.1418131589889526,1.1420739889144897,0
1784638800000,1.1419435739517212,1.1420739889144897,1.1409013271331787,1.1415525674819946,0
1784642400000,1.1415525674819946,1.1422044038772583,1.1406410932540894,1.1409013271331787,0
1784646000000,1.1409013271331787,1.141422152519226,1.1406410932540894,1.1410315036773682,0
1784649600000,1.1410315036773682,1.141422152519226,1.1410315036773682,1.1411616802215576,0
1784653200000,1.1411616802215576,1.141291856765747,1.1410315036773682,1.1410315036773682,0
1784656800000,1.1409013271331787,1.1409013271331787,1.1402509212493896,1.1406410932540894,0
1784660400000,1.1407711505889893,1.1407711505889893,1.140380859375,1.140380859375,0
1784664000000,1.1405109167099,1.1406410932540894,1.1401208639144897,1.1401208639144897,0
1784667600000,1.1399909257888794,1.1406410932540894,1.1398608684539795,1.1406410932540894,0
1784671200000,1.140380859375,1.140380859375,1.1402509212493896,1.1402509212493896,0
1784674800000,1.1402509212493896,1.1405109167099,1.1401208639144897,1.1405109167099,0
1784678400000,1.140380859375,1.1410315036773682,1.140380859375,1.1407711505889893,0
1784682000000,1.1407711505889893,1.1410315036773682,1.1401208639144897,1.1406410932540894,0
1784685600000,1.1406410932540894,1.141291856765747,1.1405109167099,1.1409013271331787,0
1784689200000,1.1409013271331787,1.1411616802215576,1.1407711505889893,1.1410315036773682,0
1784692800000,1.1410315036773682,1.1411616802215576,1.1409013271331787,1.1411616802215576,0
1784696400000,1.1411616802215576,1.141291856765747,1.1409013271331787,1.141291856765747,0
1784700000000,1.141291856765747,1.1416828632354736,1.1410315036773682,1.141422152519226,0
1784703600000,1.141422152519226,1.1420739889144897,1.1407711505889893,1.141291856765747,0
1784707200000,1.141291856765747,1.1415525674819946,1.1407711505889893,1.141291856765747,0
1784710800000,1.141422152519226,1.1415525674819946,1.1407711505889893,1.1407711505889893,0
1784714400000,1.1407711505889893,1.1410315036773682,1.140380859375,1.1406410932540894,0
1784718000000,1.1407711505889893,1.1410315036773682,1.1406410932540894,1.1409013271331787,0
1784721600000,1.1410315036773682,1.1416828632354736,1.1410315036773682,1.141291856765747,0
1784725200000,1.1411616802215576,1.1423349380493164,1.1411616802215576,1.1416828632354736,0
1784728800000,1.1418131589889526,1.1420739889144897,1.1411616802215576,1.141291856765747,0
1784732400000,1.1411616802215576,1.1416828632354736,1.1411616802215576,1.1416828632354736,0
1784736000000,1.1416828632354736,1.1416828632354736,1.1410315036773682,1.141291856765747,0
1784739600000,1.141291856765747,1.1415525674819946,1.1411616802215576,1.141291856765747,0
1784743200000,1.141422152519226,1.141422152519226,1.1411616802215576,1.141422152519226,0
1784746800000,1.141422152519226,1.1415525674819946,1.141291856765747,1.141422152519226,0
1784750400000,1.141422152519226,1.1415525674819946,1.141422152519226,1.141422152519226,0
1784754000000,1.1409013271331787,1.1415525674819946,1.1409013271331787,1.1409013271331787,0
1784757600000,1.141291856765747,1.141291856765747,1.1409013271331787,1.1410315036773682,0
1784761200000,1.1411616802215576,1.1415525674819946,1.1411616802215576,1.141422152519226,0
1784764800000,1.1415525674819946,1.1420739889144897,1.141422152519226,1.1420739889144897,0
1784768400000,1.1420739889144897,1.1423349380493164,1.1419435739517212,1.1419435739517212,0
1784772000000,1.1419435739517212,1.1431183815002441,1.1419435739517212,1.1431183815002441,0
1784775600000,1.1432491540908813,1.143379807472229,1.1427265405654907,1.1432491540908813,0
1784779200000,1.1431183815002441,1.1439030170440674,1.1431183815002441,1.1436413526535034,0
1784782800000,1.1436413526535034,1.1437721252441406,1.1432491540908813,1.143379807472229,0
1784786400000,1.143379807472229,1.1436413526535034,1.1427265405654907,1.1428571939468384,0
1784790000000,1.1427265405654907,1.142987847328186,1.1424654722213745,1.1427265405654907,0
1784793600000,1.1428571939468384,1.1428571939468384,1.1411616802215576,1.141422152519226,0
1784797200000,1.141291856765747,1.1418131589889526,1.141291856765747,1.1415525674819946,0
1784800800000,1.1416828632354736,1.1416828632354736,1.1407711505889893,1.1407711505889893,0
1784804400000,1.1406410932540894,1.1409013271331787,1.1388224363327026,1.1398608684539795,0
1784808000000,1.1397310495376587,1.1397310495376587,1.138044834136963,1.1388224363327026,0
1784811600000,1.1389521360397339,1.1389521360397339,1.137268304824829,1.1377859115600586,0
1784815200000,1.1377859115600586,1.1377859115600586,1.1367511749267578,1.1373976469039917,0
1784818800000,1.1373976469039917,1.1377859115600586,1.1370097398757935,1.1375269889831543,0
1784822400000,1.1376564502716064,1.1383039951324463,1.1376564502716064,1.1383039951324463,0
1784826000000,1.1383039951324463,1.1384334564208984,1.1375269889831543,1.1375269889831543,0
1784829600000,1.1375269889831543,1.1379153728485107,1.1373976469039917,1.1377859115600586,0
1784833200000,1.1381744146347046,1.1381744146347046,1.1377859115600586,1.138044834136963,0
1784836800000,1.1381744146347046,1.1383039951324463,1.138044834136963,1.138044834136963,0
1784840400000,1.1375269889831543,1.1384334564208984,1.1371389627456665,1.1381744146347046,0
1784844000000,1.1379153728485107,1.1383039951324463,1.1379153728485107,1.1383039951324463,0
1784847600000,1.1383039951324463,1.1383039951324463,1.1379153728485107,1.138044834136963,0
1784851200000,1.1379153728485107,1.1386927366256714,1.1379153728485107,1.1386927366256714,0
1784854800000,1.1388224363327026,1.1390818357467651,1.1385631561279297,1.1386927366256714,0
1784858400000,1.1388224363327026,1.1390818357467651,1.1385631561279297,1.1385631561279297,0
1784862000000,1.1384334564208984,1.1385631561279297,1.1381744146347046,1.1385631561279297,0
1784865600000,1.1385631561279297,1.1386927366256714,1.138044834136963,1.1381744146347046,0
1784869200000,1.1383039951324463,1.1386927366256714,1.138044834136963,1.138044834136963,0
1784872800000,1.1381744146347046,1.1389521360397339,1.138044834136963,1.1389521360397339,0
1784876400000,1.1390818357467651,1.140380859375,1.1389521360397339,1.1393414735794067,0
1784880000000,1.1393414735794067,1.1393414735794067,1.1384334564208984,1.1386927366256714,0
1784883600000,1.1385631561279297,1.1390818357467651,1.1385631561279297,1.1390818357467651,0
1784887200000,1.139211654663086,1.1396011114120483,1.1385631561279297,1.1386927366256714,0
1784890800000,1.1385631561279297,1.1390818357467651,1.1375269889831543,1.1377859115600586,0
1784894400000,1.1379153728485107,1.1381744146347046,1.1371389627456665,1.137268304824829,0
1784898000000,1.1373976469039917,1.1379153728485107,1.1368803977966309,1.1379153728485107,0
1784901600000,1.138044834136963,1.1383039951324463,1.1373976469039917,1.1383039951324463,0
1784905200000,1.138044834136963,1.1393414735794067,1.138044834136963,1.1386927366256714,0
1784908800000,1.1386927366256714,1.1389521360397339,1.1381744146347046,1.1381744146347046,0
1784912400000,1.138044834136963,1.138044834136963,1.1371389627456665,1.137268304824829,0
1784916000000,1.137268304824829,1.1373976469039917,1.1370097398757935,1.137268304824829,0
1784919600000,1.1373976469039917,1.1375269889831543,1.1371389627456665,1.1373976469039917,0
1784923200000,1.1373976469039917,1.1376564502716064,1.1370097398757935,1.1373976469039917,0
1784926800000,1.1375269889831543,1.1375269889831543,1.1375269889831543,1.1375269889831543,0
1785106800000,1.1393414735794067,1.1398608684539795,1.139211654663086,1.1398608684539795,0
1785110400000,1.1399909257888794,1.1415525674819946,1.1399909257888794,1.1405109167099,0
1785114000000,1.1406410932540894,1.1416828632354736,1.1406410932540894,1.1416828632354736,0
1785117600000,1.1416828632354736,1.1416828632354736,1.1409013271331787,1.1409013271331787,0
1785121200000,1.1410315036773682,1.1410315036773682,1.1405109167099,1.1406410932540894,0
1785124800000,1.1406410932540894,1.1409013271331787,1.1405109167099,1.1407711505889893,0
1785128400000,1.1405109167099,1.1410315036773682,1.1405109167099,1.1409013271331787,0
1785132000000,1.1410315036773682,1.1420739889144897,1.1410315036773682,1.141291856765747,0
1785135600000,1.1411616802215576,1.141291856765747,1.1402509212493896,1.1402509212493896,0
1785139200000,1.1401208639144897,1.1406410932540894,1.1398608684539795,1.1406410932540894,0
1785142800000,1.1405109167099,1.1406410932540894,1.1398608684539795,1.1399909257888794,0
1785146400000,1.1398608684539795,1.1405109167099,1.1397310495376587,1.1397310495376587,0
1785150000000,1.1398608684539795,1.1398608684539795,1.1388224363327026,1.1389521360397339,0
1785153600000,1.1390818357467651,1.1393414735794067,1.138044834136963,1.1388224363327026,0
1785157200000,1.1385631561279297,1.1389521360397339,1.1376564502716064,1.1376564502716064,0
1785160800000,1.1373976469039917,1.1379153728485107,1.137268304824829,1.1373976469039917,0
1785164400000,1.1375269889831543,1.138044834136963,1.137268304824829,1.1379153728485107,0
1785168000000,1.1377859115600586,1.1388224363327026,1.1377859115600586,1.1383039951324463,0
1785171600000,1.1381744146347046,1.1383039951324463,1.1371389627456665,1.1376564502716064,0
1785175200000,1.1375269889831543,1.1376564502716064,1.1371389627456665,1.1371389627456665,0
1785178800000,1.137268304824829,1.1376564502716064,1.1370097398757935,1.1373976469039917,0
1785182400000,1.137268304824829,1.1375269889831543,1.1370097398757935,1.1371389627456665,0
1785186000000,1.1364928483963013,1.1384334564208984,1.1364928483963013,1.1375269889831543,0
1785189600000,1.137268304824829,1.1375269889831543,1.137268304824829,1.137268304824829,0
1785193200000,1.137268304824829,1.1373976469039917,1.1371389627456665,1.137268304824829,0
1785196800000,1.1371389627456665,1.1377859115600586,1.1370097398757935,1.1377859115600586,0
1785200400000,1.1377859115600586,1.138044834136963,1.1373976469039917,1.1376564502716064,0
1785204000000,1.1376564502716064,1.1381744146347046,1.1375269889831543,1.138044834136963,0
1785207600000,1.138044834136963,1.1383039951324463,1.1376564502716064,1.1377859115600586,0
1785211200000,1.1376564502716064,1.1376564502716064,1.1371389627456665,1.137268304824829,0
1785214800000,1.1371389627456665,1.1371389627456665,1.1364928483963013,1.1370097398757935,0
1785218400000,1.1370097398757935,1.1375269889831543,1.1368803977966309,1.1371389627456665,0
1785222000000,1.1371389627456665,1.1376564502716064,1.1367511749267578,1.1368803977966309,0
1785225600000,1.1368803977966309,1.1375269889831543,1.1368803977966309,1.1375269889831543,0
1785229200000,1.1376564502716064,1.1376564502716064,1.1359764337539673,1.1359764337539673,0
1785232800000,1.1359764337539673,1.1366219520568848,1.1357183456420898,1.1363636255264282,0
1785236400000,1.1364928483963013,1.1371389627456665,1.1361054182052612,1.1370097398757935,0
1785240000000,1.1368803977966309,1.1371389627456665,1.1364928483963013,1.1370097398757935,0
1785243600000,1.1368803977966309,1.1376564502716064,1.1368803977966309,1.1373976469039917,0
1785247200000,1.1375269889831543,1.1389521360397339,1.1375269889831543,1.1389521360397339,0
1785250800000,1.1389521360397339,1.1405109167099,1.1388224363327026,1.140380859375,0
1785254400000,1.140380859375,1.1407711505889893,1.1399909257888794,1.1399909257888794,0
1785258000000,1.1398608684539795,1.1399909257888794,1.139211654663086,1.1393414735794067,0
1785261600000,1.139211654663086,1.1394712924957275,1.1389521360397339,1.1389521360397339,0
1785265200000,1.1389521360397339,1.1394712924957275,1.1389521360397339,1.1390818357467651,0
1785268800000,1.1390818357467651,1.139211654663086,1.1388224363327026,1.1389521360397339,0
1785272400000,1.1385631561279297,1.1398608684539795,1.1383039951324463,1.1394712924957275,0
1785276000000,1.139211654663086,1.1394712924957275,1.1388224363327026,1.1388224363327026,0
1785279600000,1.1388224363327026,1.1389521360397339,1.1385631561279297,1.1389521360397339,0
1785283200000,1.1388224363327026,1.1393414735794067,1.1385631561279297,1.1393414735794067,0
1785286800000,1.1394712924957275,1.1396011114120483,1.1389521360397339,1.1394712924957275,0
1785290400000,1.1394712924957275,1.1398608684539795,1.1393414735794067,1.1397310495376587,0
1785294000000,1.1397310495376587,1.140380859375,1.1397310495376587,1.1399909257888794,0
1785297600000,1.1399909257888794,1.1406410932540894,1.1399909257888794,1.1405109167099,0
1785301200000,1.1405109167099,1.1406410932540894,1.1401208639144897,1.1401208639144897,0
1785304800000,1.1402509212493896,1.140380859375,1.1393414735794067,1.1394712924957275,0
1785308400000,1.1394712924957275,1.140380859375,1.1394712924957275,1.1401208639144897,0
1785312000000,1.1401208639144897,1.140380859375,1.1396011114120483,1.1399909257888794,0
1785315600000,1.1398608684539795,1.1399909257888794,1.1396011114120483,1.1396011114120483,0
1785319200000,1.1394712924957275,1.1396011114120483,1.1386927366256714,1.1388224363327026,0
1785322800000,1.1389521360397339,1.139211654663086,1.1384334564208984,1.1384334564208984,0
1785326400000,1.1385631561279297,1.1385631561279297,1.1379153728485107,1.138044834136963,0
1785330000000,1.1383039951324463,1.1394712924957275,1.138044834136963,1.1393414735794067,0
1785333600000,1.1396011114120483,1.1399909257888794,1.1384334564208984,1.1384334564208984,0
1785337200000,1.1384334564208984,1.1388224363327026,1.1381744146347046,1.1385631561279297,0
1785340800000,1.1385631561279297,1.1388224363327026,1.138044834136963,1.1388224363327026,0
1785344400000,1.1388224363327026,1.1402509212493896,1.1388224363327026,1.1399909257888794,0
1785348000000,1.1418131589889526,1.1454753875732422,1.1411616802215576,1.1453442573547363,0
1785351600000,1.1456066370010376,1.1469204425811768,1.144688606262207,1.145213007926941,0
1785355200000,1.145081877708435,1.147315263748169,1.145081877708435,1.1470520496368408,0
1785358800000,1.1475785970687866,1.1492931842803955,1.1453442573547363,1.1465259790420532,0
1785362400000,1.1469204425811768,1.147446870803833,1.1469204425811768,1.147446870803833,0
1785366000000,1.1475785970687866,1.1478420495986938,1.1467890739440918,1.1470520496368408,0
1785369600000,1.1470520496368408,1.1471836566925049,1.1460003852844238,1.1461317539215088,0
1785373200000,1.1461317539215088,1.1463946104049683,1.1456066370010376,1.1456066370010376,0
1785376800000,1.1458691358566284,1.1458691358566284,1.1454753875732422,1.1456066370010376,0
1785380400000,1.1456066370010376,1.145737886428833,1.145213007926941,1.1453442573547363,0
1785384000000,1.145213007926941,1.145737886428833,1.145213007926941,1.1453442573547363,0
1785387600000,1.1453442573547363,1.1460003852844238,1.145213007926941,1.1453442573547363,0
1785391200000,1.1454753875732422,1.1454753875732422,1.144688606262207,1.145081877708435,0
1785394800000,1.145081877708435,1.1454753875732422,1.1439030170440674,1.144164800643921,0
1785398400000,1.144426703453064,1.145737886428833,1.1442956924438477,1.145213007926941,0
1785402000000,1.1453442573547363,1.1470520496368408,1.1453442573547363,1.1467890739440918,0
1785405600000,1.1467890739440918,1.1486331224441528,1.1465259790420532,1.1477103233337402,0
1785409200000,1.1478420495986938,1.1479737758636475,1.1469204425811768,1.1478420495986938,0
1785412800000,1.1479737758636475,1.1486331224441528,1.147446870803833,1.1477103233337402,0
1785416400000,1.1477103233337402,1.1526048183441162,1.147315263748169,1.1526048183441162,0
1785420000000,1.1526048183441162,1.1538017988204956,1.1507480144500732,1.1507480144500732,0
1785423600000,1.150483250617981,1.1527377367019653,1.15035080909729,1.1524720191955566,0
1785427200000,1.1527377367019653,1.15340256690979,1.1527377367019653,1.1531364917755127,0
1785430800000,1.1532695293426514,1.1532695293426514,1.1519410610198975,1.1531364917755127,0
1785434400000,1.1535356044769287,1.1538017988204956,1.1531364917755127,1.1538017988204956,0
1785438000000,1.1539349555969238,1.1539349555969238,1.1531364917755127,1.1535356044769287,0
1785441600000,1.15340256690979,1.1535356044769287,1.1530035734176636,1.1531364917755127,0
1785445200000,1.1531364917755127,1.1532695293426514,1.1527377367019653,1.1528706550598145,0
1785448800000,1.1530035734176636,1.15340256690979,1.1528706550598145,1.1531364917755127,0
1785452400000,1.1532695293426514,1.15340256690979,1.1526048183441162,1.1526048183441162,0
1785456000000,1.1527377367019653,1.1530035734176636,1.1519410610198975,1.1522064208984375,0
1785459600000,1.1522064208984375,1.152339220046997,1.151410460472107,1.151410460472107,0
1785463200000,1.151410460472107,1.1519410610198975,1.151410460472107,1.151543140411377,0
1785466800000,1.151543140411377,1.1516757011413574,1.151012897491455,1.1516757011413574,0
1785470400000,1.1516757011413574,1.1516757011413574,1.1508804559707642,1.151145339012146,0
1785474000000,1.151145339012146,1.1512778997421265,1.1508804559707642,1.151012897491455,0
1785477600000,1.1508804559707642,1.1524720191955566,1.1508804559707642,1.1520737409591675,0
1785481200000,1.1520737409591675,1.1527377367019653,1.151543140411377,1.1516757011413574,0
1785484800000,1.1518083810806274,1.1528706550598145,1.1508804559707642,1.1528706550598145,0
1785488400000,1.1527377367019653,1.1527377367019653,1.1507480144500732,1.1508804559707642,0
1785492000000,1.1507480144500732,1.151145339012146,1.150483250617981,1.150483250617981,0
1785495600000,1.150483250617981,1.150483250617981,1.1488970518112183,1.1488970518112183,0
1785499200000,1.1487650871276855,1.1494252681732178,1.1486331224441528,1.1492931842803955,0
1785502800000,1.1491611003875732,1.1506155729293823,1.1461317539215088,1.1470520496368408,0
1785506400000,1.1470520496368408,1.1508804559707642,1.1466574668884277,1.1508804559707642,0
1785510000000,1.151012897491455,1.1522064208984375,1.1500862836837769,1.1522064208984375,0
1785513600000,1.1520737409591675,1.1522064208984375,1.1516757011413574,1.1520737409591675,0
1785517200000,1.1522064208984375,1.154068112373352,1.1520737409591675,1.1538017988204956,0
1785520800000,1.1536686420440674,1.1538017988204956,1.1528706550598145,1.15340256690979,0
1785524400000,1.1535356044769287,1.1539349555969238,1.1530035734176636,1.15340256690979,0
1785528000000,1.15340256690979,1.155001163482666,1.1528706550598145,1.1532695293426514,0
1785531600000,1.1527377367019653,1.1527377367019653,1.1527377367019653,1.1527377367019653,0
1785711600000,1.1552680730819702,1.1552680730819702,1.1546010971069336,1.1547343730926514,0
1785715200000,1.154334545135498,1.1558021306991577,1.1539349555969238,1.1546010971069336,0
1785718800000,1.154334545135498,1.1547343730926514,1.15340256690979,1.1535356044769287,0
1785722400000,1.1535356044769287,1.1538017988204956,1.1532695293426514,1.15340256690979,0
1785726000000,1.15340256690979,1.15340256690979,1.1530035734176636,1.15340256690979,0
1785729600000,1.15340256690979,1.1539349555969238,1.1532695293426514,1.1538017988204956,0
1785733200000,1.1538017988204956,1.154068112373352,1.1535356044769287,1.154068112373352,0
1785736800000,1.1542012691497803,1.1542012691497803,1.1527377367019653,1.1530035734176636,0
1785740400000,1.1531364917755127,1.1535356044769287,1.1524720191955566,1.1530035734176636,0
1785744000000,1.1527377367019653,1.1530035734176636,1.1524720191955566,1.1526048183441162,0
1785747600000,1.1527377367019653,1.1532695293426514,1.152339220046997,1.1526048183441162,0
1785751200000,1.1524720191955566,1.1527377367019653,1.1520737409591675,1.1526048183441162,0
1785754800000,1.1527377367019653,1.1535356044769287,1.1524720191955566,1.1535356044769287,0
1785758400000,1.1536686420440674,1.1538017988204956,1.1526048183441162,1.1531364917755127,0
1785762000000,1.1532695293426514,1.1538017988204956,1.1526048183441162,1.1530035734176636,0
1785765600000,1.1526048183441162,1.1530035734176636,1.151410460472107,1.1518083810806274,0
1785769200000,1.151543140411377,1.151543140411377,1.1506155729293823,1.1512778997421265,0
1785772800000,1.1512778997421265,1.151410460472107,1.1508804559707642,1.151012897491455,0
1785776400000,1.1508804559707642,1.1508804559707642,1.150483250617981,1.150483250617981,0
1785780000000,1.150483250617981,1.1518083810806274,1.150483250617981,1.1516757011413574,0
1785783600000,1.1516757011413574,1.1518083810806274,1.1512778997421265,1.151410460472107,0
1785787200000,1.151410460472107,1.151410460472107,1.151012897491455,1.151145339012146,0
1785790800000,1.1516757011413574,1.1518083810806274,1.151012897491455,1.151410460472107,0
1785794400000,1.151543140411377,1.151543140411377,1.151012897491455,1.151145339012146,0
1785798000000,1.1512778997421265,1.151410460472107,1.151012897491455,1.151012897491455,0
1785801600000,1.151145339012146,1.1518083810806274,1.1508804559707642,1.1508804559707642,0
1785805200000,1.1507480144500732,1.1518083810806274,1.1506155729293823,1.151543140411377,0
1785808800000,1.1516757011413574,1.1516757011413574,1.151145339012146,1.151145339012146,0
1785812400000,1.151410460472107,1.151543140411377,1.151145339012146,1.151145339012146,0
1785816000000,1.1512778997421265,1.151410460472107,1.151012897491455,1.1512778997421265,0
1785819600000,1.1512778997421265,1.151410460472107,1.1507480144500732,1.151012897491455,0
1785823200000,1.151012897491455,1.1512778997421265,1.1507480144500732,1.151012897491455,0
1785826800000,1.151145339012146,1.1519410610198975,1.151145339012146,1.151410460472107,0
1785830400000,1.151543140411377,1.1516757011413574,1.151012897491455,1.151145339012146,0
1785834000000,1.151145339012146,1.151410460472107,1.1507480144500732,1.151145339012146,0
1785837600000,1.151145339012146,1.1522064208984375,1.151145339012146,1.1516757011413574,0
1785841200000,1.1516757011413574,1.1526048183441162,1.151543140411377,1.1519410610198975,0
1785844800000,1.1520737409591675,1.1526048183441162,1.1516757011413574,1.1518083810806274,0
1785848400000,1.1518083810806274,1.1528706550598145,1.151410460472107,1.1527377367019653,0
1785852000000,1.1527377367019653,1.15340256690979,1.152339220046997,1.1526048183441162,0
1785855600000,1.1527377367019653,1.1530035734176636,1.1518083810806274,1.1528706550598145,0
1785859200000,1.1528706550598145,1.1528706550598145,1.1520737409591675,1.1522064208984375,0
1785862800000,1.152339220046997,1.1528706550598145,1.152339220046997,1.1527377367019653,0
1785866400000,1.1527377367019653,1.1536686420440674,1.1526048183441162,1.1535356044769287,0
1785870000000,1.1535356044769287,1.1536686420440674,1.1532695293426514,1.15340256690979,0
1785873600000,1.15340256690979,1.1536686420440674,1.15340256690979,1.1535356044769287,0
1785877200000,1.1531364917755127,1.15340256690979,1.1530035734176636,1.1532695293426514,0
1785880800000,1.15340256690979,1.1535356044769287,1.15340256690979,1.1535356044769287,0
1785884400000,1.1535356044769287,1.1536686420440674,1.1532695293426514,1.1535356044769287,0
1785888000000,1.1535356044769287,1.1538017988204956,1.15340256690979,1.15340256690979,0
1785891600000,1.1532695293426514,1.1535356044769287,1.1530035734176636,1.1530035734176636,0
1785895200000,1.1531364917755127,1.154334545135498,1.1531364917755127,1.1538017988204956,0
1785898800000,1.1538017988204956,1.1544678211212158,1.1538017988204956,1.154068112373352,0
1785902400000,1.154068112373352,1.154334545135498,1.1538017988204956,1.1539349555969238,0
1785906000000,1.1538017988204956,1.154068112373352,1.1535356044769287,1.1539349555969238,0
1785909600000,1.1538017988204956,1.1548677682876587,1.1535356044769287,1.1548677682876587,0
1785913200000,1.1548677682876587,1.1548677682876587,1.1538017988204956,1.1542012691497803,0
1785916800000,1.154334545135498,1.1547343730926514,1.1535356044769287,1.1539349555969238,0
1785920400000,1.154068112373352,1.1546010971069336,1.1536686420440674,1.154334545135498,0
1785924000000,1.154334545135498,1.1544678211212158,1.1538017988204956,1.154334545135498,0
1785927600000,1.1544678211212158,1.1558021306991577,1.1544678211212158,1.1555349826812744,0
1785931200000,1.1556684970855713,1.1559356451034546,1.1548677682876587,1.1548677682876587,0
1785934800000,1.1547343730926514,1.1556684970855713,1.1544678211212158,1.1547343730926514,0
1785938400000,1.1551345586776733,1.1559356451034546,1.1548677682876587,1.1556684970855713,0
1785942000000,1.1558021306991577,1.1559356451034546,1.1546010971069336,1.155001163482666,0
1785945600000,1.1551345586776733,1.1551345586776733,1.1547343730926514,1.1548677682876587,0
1785949200000,1.155001163482666,1.1560693979263306,1.1547343730926514,1.1559356451034546,0
1785952800000,1.1559356451034546,1.156203031539917,1.1558021306991577,1.1558021306991577,0
1785956400000,1.1558021306991577,1.1558021306991577,1.1551345586776733,1.155401587486267,0
1785960000000,1.1556684970855713,1.1556684970855713,1.1552680730819702,1.1556684970855713,0
1785963600000,1.156336784362793,1.156336784362793,1.155401587486267,1.1555349826812744,0
1785967200000,1.1556684970855713,1.1559356451034546,1.1555349826812744,1.1558021306991577,0
1785970800000,1.1558021306991577,1.156203031539917,1.1558021306991577,1.1560693979263306,0
1785974400000,1.1559356451034546,1.156203031539917,1.1558021306991577,1.1559356451034546,0
1785978000000,1.1559356451034546,1.1560693979263306,1.1556684970855713,1.1558021306991577,0
1785981600000,1.1559356451034546,1.1560693979263306,1.1556684970855713,1.1556684970855713,0
1785985200000,1.1556684970855713,1.1556684970855713,1.155001163482666,1.1552680730819702,0
1785988800000,1.1551345586776733,1.1552680730819702,1.155001163482666,1.1552680730819702,0
1785992400000,1.1552680730819702,1.155401587486267,1.1548677682876587,1.1552680730819702,0
1785996000000,1.1555349826812744,1.1555349826812744,1.1547343730926514,1.1548677682876587,0
1785999600000,1.1548677682876587,1.155001163482666,1.1544678211212158,1.1547343730926514,0
1786003200000,1.1547343730926514,1.1548677682876587,1.154334545135498,1.1546010971069336,0
1786006800000,1.1546010971069336,1.1547343730926514,1.154068112373352,1.1542012691497803,0
1786010400000,1.1542012691497803,1.1546010971069336,1.1539349555969238,1.1544678211212158,0
1786014000000,1.1546010971069336,1.155001163482666,1.1542012691497803,1.1548677682876587,0
1786017600000,1.1547343730926514,1.1548677682876587,1.154068112373352,1.1542012691497803,0
1786021200000,1.154334545135498,1.1547343730926514,1.1539349555969238,1.1547343730926514,0
1786024800000,1.1547343730926514,1.1547343730926514,1.15340256690979,1.1538017988204956,0
1786028400000,1.1538017988204956,1.1538017988204956,1.1522064208984375,1.1524720191955566,0
1786032000000,1.152339220046997,1.1526048183441162,1.1519410610198975,1.152339220046997,0
1786035600000,1.1524720191955566,1.1526048183441162,1.1520737409591675,1.1526048183441162,0
1786039200000,1.1526048183441162,1.1527377367019653,1.1524720191955566,1.1527377367019653,0
1786042800000,1.1527377367019653,1.1528706550598145,1.1522064208984375,1.1526048183441162,0
1786046400000,1.1526048183441162,1.1527377367019653,1.1522064208984375,1.1527377367019653,0
1786050000000,1.1530035734176636,1.1530035734176636,1.1522064208984375,1.1524720191955566,0
1786053600000,1.1526048183441162,1.1526048183441162,1.1524720191955566,1.1524720191955566,0
1786057200000,1.1526048183441162,1.1527377367019653,1.1526048183441162,1.1527377367019653,0
1786060800000,1.1526048183441162,1.1527377367019653,1.1522064208984375,1.1522064208984375,0
1786064400000,1.152339220046997,1.1528706550598145,1.1522064208984375,1.1524720191955566,0
1786068000000,1.1526048183441162,1.1527377367019653,1.1524720191955566,1.1524720191955566,0
1786071600000,1.1524720191955566,1.1526048183441162,1.152339220046997,1.1526048183441162,0
1786075200000,1.1526048183441162,1.1527377367019653,1.1524720191955566,1.1527377367019653,0
1786078800000,1.1527377367019653,1.1528706550598145,1.1524720191955566,1.1526048183441162,0
1786082400000,1.1527377367019653,1.1528706550598145,1.1524720191955566,1.1526048183441162,0
1786086000000,1.1524720191955566,1.1527377367019653,1.1522064208984375,1.1526048183441162,0
1786089600000,1.1526048183441162,1.1528706550598145,1.1522064208984375,1.1526048183441162,0
1786093200000,1.1527377367019653,1.15340256690979,1.1527377367019653,1.1531364917755127,0
1786096800000,1.1532695293426514,1.1532695293426514,1.1528706550598145,1.1530035734176636,0
1786100400000,1.1531364917755127,1.1536686420440674,1.1530035734176636,1.1536686420440674,0
1786104000000,1.1538017988204956,1.1582117080688477,1.1532695293426514,1.1576753854751587,0
1786107600000,1.1576753854751587,1.1578094959259033,1.1560693979263306,1.1560693979263306,0
1786111200000,1.1560693979263306,1.156738042831421,1.155401587486267,1.1556684970855713,0
1786114800000,1.1558021306991577,1.156738042831421,1.155401587486267,1.156203031539917,0
1786118400000,1.156203031539917,1.1570056676864624,1.156203031539917,1.156203031539917,0
1786122000000,1.156203031539917,1.1566041707992554,1.156203031539917,1.1564704179763794,0
1786125600000,1.156336784362793,1.1570056676864624,1.156203031539917,1.156738042831421,0
1786129200000,1.1568717956542969,1.157273530960083,1.1564704179763794,1.1564704179763794,0
1786132800000,1.1564704179763794,1.1564704179763794,1.1559356451034546,1.1560693979263306,0
1786136400000,1.156203031539917,1.156203031539917,1.156203031539917,1.156203031539917,0
1786316400000,1.1559356451034546,1.156203031539917,1.1558021306991577,1.1559356451034546,0
1786320000000,1.1560693979263306,1.156203031539917,1.1558021306991577,1.1560693979263306,0
1786323600000,1.156203031539917,1.156203031539917,1.1555349826812744,1.1556684970855713,0
1786327200000,1.1558021306991577,1.1558021306991577,1.1555349826812744,1.1555349826812744,0
1786330800000,1.1555349826812744,1.1555349826812744,1.1552680730819702,1.1552680730819702,0
1786334400000,1.1552680730819702,1.1555349826812744,1.1551345586776733,1.1555349826812744,0
1786338000000,1.1555349826812744,1.1559356451034546,1.155401587486267,1.1558021306991577,0
1786341600000,1.1558021306991577,1.1559356451034546,1.1556684970855713,1.1558021306991577,0
1786345200000,1.1556684970855713,1.1568717956542969,1.1555349826812744,1.1564704179763794,0
1786348800000,1.156336784362793,1.1568717956542969,1.156336784362793,1.1564704179763794,0
1786352400000,1.156336784362793,1.156738042831421,1.1560693979263306,1.1560693979263306,0
1786356000000,1.1559356451034546,1.1560693979263306,1.1558021306991577,1.1559356451034546,0
1786359600000,1.1558021306991577,1.1559356451034546,1.1552680730819702,1.1555349826812744,0
1786363200000,1.1555349826812744,1.1558021306991577,1.155001163482666,1.1551345586776733,0
1786366800000,1.1551345586776733,1.1556684970855713,1.1547343730926514,1.1548677682876587,0
1786370400000,1.1548677682876587,1.1558021306991577,1.1548677682876587,1.155401587486267,0
1786374000000,1.1555349826812744,1.1556684970855713,1.1551345586776733,1.1556684970855713,0
1786375102000,1.1555349826812744,1.1555349826812744,1.1555349826812744,1.1555349826812744,0
